Date,Price,Open,High,Low
1/12/2017,13928.5,13625.2,14105.5,13574.6
4/12/2017,14712.2,14054.9,14813.3,13979.1
5/12/2017,14257.2,14661.6,14712.2,14156.1
6/12/2017,14130.8,14206.6,14257.2,13625.2
7/12/2017,13701,14130.8,14156.1,13599.9
8/12/2017,13751.6,13751.6,13953.8,13574.6
11/12/2017,13043.8,13599.9,13701,13043.8
12/12/2017,13372.4,13144.9,13372.4,12563.5
13/12/2017,13246,13372.4,13448.2,13119.6
14/12/2017,13473.5,13220.7,13498.8,13220.7
15/12/2017,13701,13599.9,13852.7,13372.4
18/12/2017,13903.3,13953.8,14029.7,13802.1
19/12/2017,14080.2,14004.4,14231.9,13953.8
20/12/2017,14156.1,14156.1,14383.6,14054.9
21/12/2017,13953.8,14156.1,14282.4,13953.8
22/12/2017,13928.5,13852.7,14080.2,13776.9
25/12/2017,14080.2,13953.8,14206.6,13953.8
26/12/2017,14156.1,14156.1,14257.2,14105.5
27/12/2017,14004.4,14181.3,14282.4,14004.4
28/12/2017,14484.7,14130.8,14535.2,14080.2
29/12/2017,14560.5,14686.9,14838.6,14510
2/1/2018,14712.2,14611.1,14813.3,14611.1
3/1/2018,15268.3,14813.3,15268.3,14762.7
4/1/2018,15217.8,15318.9,15420,15167.2
5/1/2018,14611.1,15268.3,15318.9,14611.1
8/1/2018,14914.4,14611.1,14914.4,14459.4
9/1/2018,15066.1,15167.2,15268.3,14838.6
10/1/2018,15344.1,15243,15571.7,15116.6
11/1/2018,15318.9,15344.1,15394.7,15066.1
12/1/2018,15824.4,15420,16052,15318.9
15/01/2018,16153.1,15875,16279.5,15571.7
16/01/2018,16102.5,15976.1,16228.9,15799.2
17/01/2018,15420,16077.2,16153.1,15420
18/01/2018,15925.6,15217.8,15925.6,15015.5
19/01/2018,16431.1,16026.7,16557.5,15925.6
22/01/2018,17290.6,16683.9,17341.2,16582.8
25/01/2018,17897.3,17189.5,18352.3,17189.5
26/01/2018,17846.7,18049,18352.3,17442.3
29/01/2018,18504,17846.7,18756.8,17796.2
30/01/2018,18453.4,17998.4,18529.3,17947.9
31/01/2018,17240,18453.4,18680.9,17240
1/2/2018,17467.6,17695.1,17947.9,17240
2/2/2018,17745.6,17593.9,17872,17442.3
5/2/2018,16507,17189.5,17543.4,16507
6/2/2018,15773.9,15369.4,16330,15369.4
7/2/2018,16683.9,16785,16860.9,16481.7
8/2/2018,15976.1,16279.5,16683.9,15976.1
9/2/2018,15976.1,15116.6,15976.1,15116.6
12/2/2018,16987.3,16532.2,16987.3,16380.6
13/02/2018,17265.3,17088.4,17442.3,17088.4
21/02/2018,17745.6,17442.3,17998.4,17366.4
22/02/2018,17391.7,17492.8,17770.9,17214.8
23/02/2018,17796.2,17543.4,17846.7,17417
26/02/2018,17720.3,18200.6,18301.8,17720.3
27/02/2018,17846.7,17846.7,17922.6,17619.2
28/02/2018,18655.7,17695.1,18655.7,17568.7
1/3/2018,19110.7,18655.7,19439.3,18605.1
2/3/2018,19211.8,18857.9,19338.2,18655.7
5/3/2018,17872,19414,19692.1,17872
6/3/2018,19110.7,18327,19110.7,18099.5
7/3/2018,19312.9,19211.8,19666.8,18857.9
8/3/2018,19287.6,19262.3,19312.9,18959
9/3/2018,19616.2,19666.8,19944.9,19439.3
12/3/2018,19414,19869,19944.9,19363.5
13/03/2018,19970.1,19515.1,19970.1,19363.5
14/03/2018,19818.5,20147.1,20197.7,19818.5
15/03/2018,19843.8,19666.8,19894.3,19616.2
16/03/2018,20728.5,19970.1,20804.3,19919.6
19/03/2018,20728.5,20981.3,21133,20475.7
20/03/2018,20753.8,20425.2,21082.4,20425.2
21/03/2018,20703.2,20905.5,20930.7,20526.3
22/03/2018,20374.6,20880.2,20905.5,20349.3
23/03/2018,20020.7,19767.9,20020.7,19262.3
26/03/2018,20324,19869,20374.6,19818.5
27/03/2018,20222.9,20677.9,20779.1,20121.8
28/03/2018,19970.1,19995.4,20222.9,19869
29/03/2018,19717.4,19995.4,20096.5,19641.5
30/03/2018,19717.4,19793.2,19818.5,19312.9
2/4/2018,20627.4,19970.1,20652.7,19869
3/4/2018,21335.2,20627.4,21512.1,20475.7
4/4/2018,21183.5,21739.7,21840.8,21183.5
5/4/2018,21183.5,21335.2,21411,21031.8
6/4/2018,21183.5,21234.1,21562.7,21107.7
9/4/2018,22396.9,21234.1,22396.9,21183.5
10/4/2018,21992.4,22295.8,22447.5,21764.9
11/4/2018,21133,22043,22093.6,21082.4
12/4/2018,21234.1,20981.3,21461.6,20627.4
13/04/2018,20880.2,21486.9,21486.9,20779.1
16/04/2018,20930.7,20779.1,21335.2,20273.5
17/04/2018,21234.1,20981.3,21234.1,20677.9
18/04/2018,20981.3,21335.2,21486.9,20981.3
19/04/2018,20526.3,20728.5,21031.8,20450.4
20/04/2018,21234.1,20526.3,21234.1,20248.2
23/04/2018,19767.9,21183.5,21284.6,19767.9
24/04/2018,18908.4,19717.4,19818.5,18908.4
26/04/2018,17593.9,18908.4,18933.7,17593.9
27/04/2018,18200.6,17341.2,18554.5,17341.2
2/5/2018,17593.9,18352.3,18428.1,17543.4
3/5/2018,17695.1,17341.2,17897.3,16532.2
4/5/2018,17315.9,17947.9,17998.4,17240
7/5/2018,18402.9,17644.5,18478.7,17189.5
8/5/2018,18099.5,18200.6,18605.1,18099.5
9/5/2018,18099.5,18049,18301.8,17897.3
10/5/2018,17341.2,17947.9,18074.2,17189.5
11/5/2018,17492.8,17189.5,17492.8,16835.6
14/05/2018,17695.1,17695.1,17897.3,17391.7
15/05/2018,17947.9,17846.7,18175.4,17745.6
16/05/2018,17442.3,17745.6,17947.9,17290.6
17/05/2018,16987.3,17492.8,17644.5,16987.3
18/05/2018,16683.9,17189.5,17265.3,16178.3
21/05/2018,16178.3,16835.6,16936.7,16178.3
22/05/2018,15192.5,15672.8,16279.5,15066.1
23/05/2018,15773.9,15167.2,15773.9,15066.1
24/05/2018,15394.7,15672.8,15900.3,15344.1
25/05/2018,14914.4,15394.7,15748.6,14914.4
28/05/2018,13903.3,14914.4,14914.4,13878
29/05/2018,14863.9,14408.8,14863.9,14054.9
30/05/2018,15141.9,14762.7,15420,14762.7
31/05/2018,16178.3,15116.6,16178.3,14965
1/6/2018,16355.3,16178.3,16633.4,16077.2
4/6/2018,16886.1,16330,17037.8,15976.1
5/6/2018,16936.7,16785,16962,16507
6/6/2018,17138.9,16734.5,17189.5,16582.8
7/6/2018,16860.9,17189.5,17214.8,16835.6
8/6/2018,17189.5,16785,17189.5,16683.9
11/6/2018,17214.8,16911.4,17644.5,16886.1
12/6/2018,16987.3,17037.8,17240,16431.1
13/06/2018,17164.2,17037.8,17189.5,16886.1
14/06/2018,16481.7,17164.2,17341.2,16481.7
15/06/2018,16936.7,16431.1,16936.7,16228.9
18/06/2018,15799.2,16683.9,16936.7,15773.9
19/06/2018,15672.8,15217.8,15672.8,14712.2
20/06/2018,15925.6,15698,16127.8,15369.4
21/06/2018,15622.2,15698,15824.4,15420
22/06/2018,15976.1,15318.9,16026.7,15217.8
25/06/2018,16001.4,16279.5,16279.5,15976.1
26/06/2018,15875,15672.8,15976.1,15647.5
27/06/2018,15015.5,15875,16026.7,15015.5
28/06/2018,14408.8,14813.3,15066.1,14408.8
29/06/2018,14408.8,14459.4,14762.7,14257.2
2/7/2018,13903.3,14156.1,14358.3,13448.2
3/7/2018,13043.8,14004.4,14080.2,13043.8
4/7/2018,13776.9,13144.9,13802.1,12740.4
5/7/2018,13574.6,13650.5,13827.4,12942.7
6/7/2018,14459.4,13574.6,14510,13296.6
9/7/2018,14054.9,14484.7,14661.6,13953.8
10/7/2018,13979.1,14054.9,14333,13953.8
11/7/2018,13144.9,13423,13574.6,13043.8
12/7/2018,13195.5,13144.9,13675.8,13043.8
13/07/2018,13878,13549.4,13903.3,13246
16/07/2018,13802.1,13903.3,14080.2,13675.8
17/07/2018,14054.9,13650.5,14105.5,13524.1
18/07/2018,14762.7,14257.2,14788,14181.3
19/07/2018,14611.1,14661.6,14863.9,14510
20/07/2018,14737.5,14434.1,14737.5,14181.3
23/07/2018,14231.9,14560.5,14762.7,14231.9
24/07/2018,13852.7,14231.9,14257.2,13726.3
25/07/2018,13397.7,13852.7,14054.9,13397.7
26/07/2018,14004.4,13397.7,14004.4,13296.6
27/07/2018,14105.5,14105.5,14307.7,13979.1
30/07/2018,14459.4,14206.6,14459.4,14105.5
31/07/2018,14611.1,14459.4,14762.7,14257.2
1/8/2018,14661.6,14611.1,15116.6,14560.5
2/8/2018,14838.6,14459.4,14838.6,14307.7
3/8/2018,14686.9,15015.5,15015.5,14636.3
6/8/2018,14459.4,14611.1,14762.7,14358.3
7/8/2018,14636.3,14408.8,14737.5,14358.3
8/8/2018,14939.7,14737.5,14965,14661.6
9/8/2018,14965,15015.5,15369.4,14965
10/8/2018,15318.9,14965,15344.1,14889.1
13/08/2018,15925.6,15217.8,15925.6,15141.9
14/08/2018,15672.8,15824.4,15875,15622.2
15/08/2018,15167.2,15672.8,15723.3,15066.1
16/08/2018,15066.1,15066.1,15091.4,14686.9
17/08/2018,15015.5,15318.9,15369.4,15015.5
20/08/2018,14737.5,15015.5,15116.6,14712.2
21/08/2018,15470.5,14737.5,15470.5,14737.5
22/08/2018,15268.3,15622.2,15622.2,15268.3
23/08/2018,15445.3,15293.6,15521.1,15217.8
24/08/2018,15268.3,15445.3,15521.1,15167.2
27/08/2018,15596.9,15420,15799.2,15369.4
28/08/2018,16026.7,15672.8,16127.8,15647.5
29/08/2018,16127.8,15925.6,16153.1,15799.2
30/08/2018,16304.7,16001.4,16304.7,15875
31/08/2018,15976.1,16102.5,16304.7,15976.1
4/9/2018,15521.1,15824.4,15976.1,15495.8
5/9/2018,15622.2,15420,15647.5,15268.3
6/9/2018,15622.2,15546.4,15672.8,15470.5
7/9/2018,15925.6,15622.2,15925.6,15596.9
10/9/2018,15824.4,15824.4,15976.1,15799.2
11/9/2018,16279.5,15723.3,16279.5,15723.3
12/9/2018,16026.7,16405.9,16431.1,16026.7
13/09/2018,16077.2,16153.1,16279.5,16026.7
14/09/2018,16228.9,16077.2,16380.6,16077.2
17/09/2018,15824.4,16077.2,16203.6,15824.4
18/09/2018,16178.3,15672.8,16178.3,15571.7
19/09/2018,16304.7,16279.5,16380.6,16178.3
20/09/2018,16481.7,16279.5,16582.8,16254.2
21/09/2018,16633.4,16683.9,16785,16507
24/09/2018,16759.8,16810.3,16860.9,16658.6
25/09/2018,16658.6,16658.6,16835.6,16582.8
26/09/2018,16683.9,16633.4,16886.1,16633.4
27/09/2018,16987.3,16785,17088.4,16683.9
28/09/2018,16936.7,17037.8,17088.4,16936.7
1/10/2018,16785,16936.7,16987.3,16734.5
2/10/2018,16709.2,16709.2,16911.4,16658.6
3/10/2018,16860.9,16785,16860.9,16683.9
4/10/2018,17356,17043.3,17356,16939
5/10/2018,16991.2,17199.6,17356,16991.2
8/10/2018,16965.1,16886.9,17121.5,16756.6
9/10/2018,17017.2,16965.1,17095.4,16913
10/10/2018,16991.2,17043.3,17095.4,16678.4
11/10/2018,15818.5,16261.5,16626.3,15818.5
12/10/2018,16131.2,15688.2,16209.4,15349.4
15/10/2018,15792.4,16131.2,16131.2,15714.2
16/10/2018,15818.5,15844.5,15896.6,15636
17/10/2018,16053,16105.1,16131.2,15948.8
18/10/2018,15844.5,15896.6,16053,15792.4
19/10/2018,15714.2,15583.9,15896.6,15479.7
22/10/2018,15636,15896.6,16000.9,15636
23/10/2018,15114.8,15375.4,15531.8,14880.3
24/10/2018,14750,15114.8,15297.3,14750
25/10/2018,14593.6,13811.8,14697.9,13811.8
26/10/2018,14359.1,14776.1,14854.2,14359.1
29/10/2018,14280.9,14333,14359.1,14124.6
30/10/2018,14333,14333,14671.8,14150.6
31/10/2018,14932.4,14593.6,15010.6,14515.5
1/11/2018,14593.6,14984.5,15010.6,14567.6
2/11/2018,15010.6,14723.9,15114.8,14645.8
5/11/2018,15062.7,14802.1,15167,14750
6/11/2018,14906.4,15167,15219.1,14906.4
7/11/2018,14854.2,14906.4,14984.5,14619.7
8/11/2018,14932.4,15114.8,15114.8,14932.4
9/11/2018,14489.4,14854.2,14906.4,14489.4
12/11/2018,14750,14333,14750,14228.8
13/11/2018,14515.5,14333,14671.8,14333
14/11/2018,14489.4,14515.5,14697.9,14254.9
15/11/2018,14385.2,14489.4,14541.5,14254.9
16/11/2018,14437.3,14489.4,14593.6,14333
19/11/2018,14854.2,14541.5,14854.2,14541.5
20/11/2018,14802.1,14671.8,14828.2,14671.8
21/11/2018,15062.7,14593.6,15062.7,14541.5
22/11/2018,14932.4,15062.7,15114.8,14880.3
23/11/2018,14541.5,14932.4,14932.4,14541.5
26/11/2018,14489.4,14437.3,14567.6,14437.3
27/11/2018,14567.6,14567.6,14697.9,14489.4
28/11/2018,14697.9,14567.6,14697.9,14463.3
29/11/2018,14750,14854.2,14984.5,14723.9
30/11/2018,14854.2,14723.9,14854.2,14671.8
3/12/2018,15453.6,15167,15453.6,15114.8
4/12/2018,15349.4,15375.4,15505.7,15245.1
5/12/2018,15375.4,15167,15427.6,15114.8
6/12/2018,15323.3,15323.3,15427.6,15271.2
7/12/2018,15453.6,15375.4,15583.9,15375.4
10/12/2018,15245.1,15271.2,15375.4,15245.1
11/12/2018,15193,15245.1,15323.3,15140.9
12/12/2018,15453.6,15297.3,15453.6,15219.1
13/12/2018,15479.7,15531.8,15636,15479.7
14/12/2018,15271.2,15323.3,15453.6,15271.2
17/12/2018,14880.3,15167,15245.1,14880.3
18/12/2018,14697.9,14489.4,14880.3,14489.4
19/12/2018,14645.8,14828.2,14828.2,14541.5
20/12/2018,14671.8,14619.7,14854.2,14567.6
21/12/2018,14515.5,14593.6,14593.6,14515.5
24/12/2018,14072.4,14489.4,14593.6,14020.3
25/12/2018,13994.3,13785.8,14020.3,13447
26/12/2018,13890,13968.2,14124.6,13864
27/12/2018,14072.4,14176.7,14307,14072.4
28/12/2018,13890,14072.4,14124.6,13864
2/1/2019,13811.8,13916.1,14020.3,13681.5
3/1/2019,13551.2,13811.8,13811.8,13420.9
4/1/2019,13551.2,13551.2,13655.5,13264.6
7/1/2019,13577.3,13968.2,13968.2,13577.3
8/1/2019,13394.9,13629.4,13629.4,13368.8
9/1/2019,13420.9,13551.2,13603.4,13394.9
10/1/2019,13316.7,13394.9,13525.2,13316.7
11/1/2019,13629.4,13394.9,13707.6,13394.9
14/01/2019,13447,13655.5,13655.5,13447
15/01/2019,13551.2,13447,13577.3,13420.9
16/01/2019,13420.9,13577.3,13603.4,13368.8
17/01/2019,13134.3,13420.9,13447,13108.2
18/01/2019,13108.2,13134.3,13212.5,12977.9
21/01/2019,13342.8,13108.2,13499.1,13108.2
22/01/2019,13316.7,13342.8,13499.1,13316.7
23/01/2019,13264.6,13238.5,13394.9,13186.4
24/01/2019,13316.7,13394.9,13447,13290.6
25/01/2019,13655.5,13316.7,13707.6,13316.7
28/01/2019,13577.3,13655.5,13733.7,13525.2
29/01/2019,13655.5,13629.4,13655.5,13473.1
30/01/2019,13551.2,13655.5,13655.5,13551.2
31/01/2019,13603.4,13603.4,13811.8,13473.1
1/2/2019,13603.4,13499.1,13655.5,13499.1
11/2/2019,14020.3,13707.6,14020.3,13655.5
12/2/2019,14150.6,14020.3,14333,13968.2
13/02/2019,14176.7,14202.7,14333,14150.6
14/02/2019,14124.6,14124.6,14228.8,14098.5
15/02/2019,13994.3,14072.4,14150.6,13942.1
18/02/2019,14124.6,14150.6,14202.7,14046.4
19/02/2019,14202.7,14124.6,14411.2,14124.6
20/02/2019,14333,14202.7,14385.2,14202.7
21/02/2019,14541.5,14359.1,14541.5,14333
22/02/2019,14723.9,14593.6,14750,14437.3
25/02/2019,14906.4,14854.2,15010.6,14828.2
26/02/2019,14854.2,14750,14958.5,14671.8
27/02/2019,14723.9,14854.2,14906.4,14723.9
28/02/2019,14541.5,14697.9,14854.2,14463.3
1/3/2019,14697.9,14541.5,14697.9,14541.5
4/3/2019,15062.7,14750,15088.8,14750
5/3/2019,15010.6,15010.6,15167,14854.2
6/3/2019,15010.6,15114.8,15114.8,14880.3
7/3/2019,14984.5,14880.3,15140.9,14880.3
8/3/2019,14828.2,14854.2,14958.5,14802.1
11/3/2019,14906.4,14828.2,14906.4,14723.9
12/3/2019,15010.6,15062.7,15062.7,14802.1
13/03/2019,15323.3,15062.7,15349.4,15062.7
14/03/2019,15349.4,15375.4,15427.6,15193
15/03/2019,15375.4,15375.4,15375.4,15193
18/03/2019,15219.1,15401.5,15401.5,15140.9
19/03/2019,15062.7,15271.2,15323.3,15062.7
20/03/2019,14880.3,15062.7,15062.7,14723.9
21/03/2019,14228.8,14880.3,14906.4,14228.8
22/03/2019,14333,14385.2,14567.6,14280.9
25/03/2019,13968.2,13968.2,14124.6,13864
26/03/2019,14124.6,14124.6,14228.8,14046.4
27/03/2019,14124.6,14333,14333,14098.5
28/03/2019,14098.5,14124.6,14176.7,14046.4
29/03/2019,14176.7,14228.8,14254.9,14098.5
1/4/2019,14437.3,14280.9,14489.4,14202.7
2/4/2019,14437.3,14593.6,14619.7,14280.9
3/4/2019,14254.9,14333,14385.2,14254.9
4/4/2019,14228.8,14280.9,14411.2,14228.8
5/4/2019,14333,14228.8,14359.1,14228.8
8/4/2019,14489.4,14359.1,14489.4,14333
9/4/2019,14593.6,14541.5,14619.7,14489.4
10/4/2019,14307,14333,14541.5,14280.9
11/4/2019,14202.7,14333,14385.2,14202.7
12/4/2019,14072.4,14202.7,14202.7,14072.4
16/04/2019,13942.1,14046.4,14046.4,13864
17/04/2019,13837.9,13942.1,14072.4,13811.8
18/04/2019,13551.2,13811.8,13864,13473.1
19/04/2019,13551.2,13733.7,13759.7,13525.2
22/04/2019,13134.3,13394.9,13525.2,13030
23/04/2019,13108.2,13134.3,13212.5,13056.1
24/04/2019,13394.9,13238.5,13420.9,13186.4
25/04/2019,13290.6,13394.9,13394.9,13238.5
26/04/2019,13447,13342.8,13447,13212.5
2/5/2019,13342.8,13473.1,13577.3,13342.8
3/5/2019,13499.1,13238.5,13499.1,13238.5
6/5/2019,13134.3,13290.6,13290.6,13004
7/5/2019,12977.9,13290.6,13316.7,12925.8
8/5/2019,12873.7,12873.7,13056.1,12743.4
9/5/2019,12821.6,12951.9,13004,12769.4
10/5/2019,13056.1,12873.7,13108.2,12821.6
13/05/2019,13134.3,13082.2,13160.3,13030
14/05/2019,13056.1,13030,13108.2,12951.9
15/05/2019,13420.9,13186.4,13499.1,13082.2
16/05/2019,13316.7,13420.9,13499.1,13316.7
17/05/2019,13394.9,13316.7,13499.1,13290.6
20/05/2019,13603.4,13420.9,13629.4,13368.8
21/05/2019,13577.3,13655.5,13707.6,13525.2
22/05/2019,13577.3,13551.2,13681.5,13525.2
23/05/2019,13577.3,13394.9,13577.3,13394.9
24/05/2019,13316.7,13499.1,13525.2,13264.6
27/05/2019,13212.5,13316.7,13342.8,13212.5
28/05/2019,13134.3,13186.4,13212.5,13056.1
29/05/2019,13056.1,13134.3,13186.4,13004
30/05/2019,13082.2,13056.1,13212.5,12951.9
31/05/2019,12951.9,13082.2,13134.3,12951.9
3/6/2019,12899.7,12873.7,12951.9,12795.5
4/6/2019,12925.8,12951.9,12977.9,12795.5
5/6/2019,12951.9,13108.2,13108.2,12951.9
6/6/2019,12873.7,12925.8,12977.9,12743.4
7/6/2019,13056.1,12977.9,13056.1,12977.9
10/6/2019,13134.3,13108.2,13212.5,13082.2
11/6/2019,13134.3,13134.3,13160.3,13082.2
12/6/2019,12951.9,13134.3,13134.3,12925.8
13/06/2019,12925.8,12873.7,12977.9,12847.6
14/06/2019,12925.8,12925.8,13056.1,12925.8
17/06/2019,12821.6,12873.7,12977.9,12821.6
18/06/2019,12743.4,12821.6,12873.7,12743.4
19/06/2019,12925.8,12847.6,12951.9,12821.6
20/06/2019,13082.2,12951.9,13160.3,12925.8
21/06/2019,13082.2,13082.2,13238.5,13082.2
24/06/2019,12977.9,13134.3,13160.3,12873.7
25/06/2019,12951.9,12899.7,13030,12899.7
26/06/2019,12925.8,12899.7,13004,12899.7
27/06/2019,12821.6,12873.7,12925.8,12769.4
28/06/2019,12925.8,12925.8,12925.8,12795.5
1/7/2019,13030,13056.1,13082.2,12925.8
2/7/2019,12899.7,13030,13056.1,12873.7
3/7/2019,12951.9,12977.9,12977.9,12873.7
4/7/2019,13134.3,12951.9,13186.4,12899.7
5/7/2019,13212.5,13290.6,13290.6,13134.3
8/7/2019,13082.2,13212.5,13212.5,13030
9/7/2019,13056.1,13056.1,13108.2,12951.9
10/7/2019,12977.9,13056.1,13160.3,12977.9
11/7/2019,13082.2,13082.2,13108.2,13030
12/7/2019,13056.1,13160.3,13212.5,13030
15/07/2019,13030,13030,13056.1,12977.9
16/07/2019,13030,13004,13082.2,13004
17/07/2019,13447,13082.2,13499.1,13030
18/07/2019,13316.7,13316.7,13420.9,13290.6
19/07/2019,13342.8,13368.8,13447,13316.7
22/07/2019,13056.1,13238.5,13264.6,12977.9
23/07/2019,13082.2,13134.3,13160.3,13030
24/07/2019,12873.7,13160.3,13160.3,12847.6
25/07/2019,12691.3,12847.6,12925.8,12665.2
26/07/2019,12717.3,12691.3,12795.5,12587
29/07/2019,12561,12743.4,12769.4,12561
30/07/2019,12170.1,12561,12691.3,12170.1
31/07/2019,12091.9,12039.8,12170.1,11935.5
1/8/2019,12144,12091.9,12222.2,12039.8
2/8/2019,12013.7,11987.6,12117.9,11883.4
5/8/2019,11622.8,11987.6,12013.7,11622.8
6/8/2019,11284,11362.2,11414.3,11205.8
7/8/2019,11049.5,11284,11466.4,11023.4
8/8/2019,11049.5,11049.5,11310.1,10814.9
9/8/2019,11466.4,11284,11570.7,11205.8
12/8/2019,11544.6,11518.6,11596.7,11362.2
13/08/2019,11388.3,11336.1,11388.3,11258
14/08/2019,11362.2,11466.4,11492.5,11336.1
15/08/2019,11388.3,11205.8,11388.3,10997.4
16/08/2019,11596.7,11388.3,11883.4,11310.1
19/08/2019,11570.7,11753.1,11753.1,11466.4
20/08/2019,11518.6,11570.7,11674.9,11492.5
21/08/2019,11727,11466.4,11727,11440.4
22/08/2019,11674.9,11753.1,11805.2,11622.8
23/08/2019,11622.8,11674.9,11674.9,11518.6
26/08/2019,11258,11205.8,11414.3,11205.8
27/08/2019,11153.7,11336.1,11362.2,11127.7
28/08/2019,11127.7,11153.7,11231.9,11101.6
29/08/2019,11023.4,11101.6,11153.7,10997.4
30/08/2019,11205.8,11101.6,11231.9,11101.6
3/9/2019,11179.8,11127.7,11205.8,11023.4
4/9/2019,11153.7,11127.7,11153.7,11023.4
5/9/2019,11101.6,11205.8,11231.9,11049.5
6/9/2019,10997.4,10997.4,11127.7,10997.4
9/9/2019,10893.1,10945.2,10997.4,10841
10/9/2019,10788.9,11049.5,11049.5,10788.9
11/9/2019,10814.9,10841,10867.1,10736.8
12/9/2019,10867.1,10867.1,10945.2,10814.9
13/09/2019,11127.7,10893.1,11205.8,10867.1
16/09/2019,11179.8,11205.8,11336.1,11179.8
17/09/2019,11284,11179.8,11284,11101.6
18/09/2019,11258,11336.1,11414.3,11231.9
19/09/2019,11336.1,11336.1,11336.1,11153.7
20/09/2019,11179.8,11362.2,11362.2,11127.7
23/09/2019,11127.7,11258,11284,11127.7
24/09/2019,11284,11127.7,11440.4,11101.6
25/09/2019,11284,11258,11336.1,11179.8
26/09/2019,11805.2,11362.2,11805.2,11362.2
27/09/2019,12091.9,11857.3,12117.9,11779.2
30/09/2019,11987.6,12170.1,12196.1,11961.6
1/10/2019,12065.8,11935.5,12091.9,11909.5
2/10/2019,12196.1,12039.8,12352.5,11987.6
3/10/2019,12196.1,12065.8,12248.2,11987.6
4/10/2019,11766.2,12419.9,12419.9,11766.2
7/10/2019,11493.9,11793.5,11875.2,11493.9
8/10/2019,11657.3,11466.6,11739,11466.6
9/10/2019,11602.8,11711.7,11766.2,11548.3
10/10/2019,11602.8,11602.8,11711.7,11575.6
11/10/2019,11602.8,11630,11657.3,11548.3
14/10/2019,11847.9,11711.7,11929.6,11711.7
15/10/2019,11766.2,11902.4,11902.4,11739
16/10/2019,11739,11820.7,11820.7,11711.7
17/10/2019,11630,11739,11739,11602.8
18/10/2019,11493.9,11602.8,11711.7,11493.9
21/10/2019,11330.4,11384.9,11439.4,11330.4
22/10/2019,11384.9,11384.9,11412.1,11248.7
23/10/2019,11330.4,11357.7,11439.4,11330.4
24/10/2019,11602.8,11384.9,11602.8,11357.7
25/10/2019,11602.8,11602.8,11684.5,11575.6
28/10/2019,11575.6,11711.7,11793.5,11575.6
29/10/2019,11521.1,11575.6,11657.3,11521.1
30/10/2019,11630,11521.1,11657.3,11521.1
31/10/2019,11630,11657.3,11684.5,11439.4
1/11/2019,11711.7,11602.8,11820.7,11521.1
4/11/2019,11847.9,11766.2,11902.4,11739
5/11/2019,11875.2,11902.4,11956.9,11847.9
6/11/2019,11820.7,11875.2,11902.4,11793.5
7/11/2019,12011.3,11820.7,12093.1,11793.5
8/11/2019,12011.3,12120.3,12147.5,11956.9
11/11/2019,11820.7,12011.3,12011.3,11820.7
12/11/2019,11793.5,11820.7,11929.6,11793.5
13/11/2019,11793.5,11820.7,11847.9,11711.7
14/11/2019,11684.5,11766.2,11820.7,11602.8
15/11/2019,11493.9,11657.3,11684.5,11493.9
18/11/2019,11439.4,11521.1,11548.3,11412.1
19/11/2019,11493.9,11439.4,11575.6,11439.4
20/11/2019,11384.9,11521.1,11521.1,11384.9
21/11/2019,11112.5,11384.9,11384.9,11112.5
22/11/2019,10949.1,11221.5,11248.7,10921.9
25/11/2019,11030.8,11003.6,11058.1,10921.9
26/11/2019,10894.6,11058.1,11112.5,10894.6
27/11/2019,10812.9,10949.1,10949.1,10812.9
28/11/2019,10812.9,10840.2,10894.6,10758.5
29/11/2019,10785.7,10812.9,10867.4,10785.7
2/12/2019,10622.3,10785.7,10867.4,10622.3
3/12/2019,10513.3,10486.1,10676.8,10486.1
4/12/2019,10785.7,10540.6,10785.7,10513.3
5/12/2019,10676.8,10840.2,10894.6,10676.8
6/12/2019,10622.3,10704,10731.2,10622.3
9/12/2019,10676.8,10622.3,10812.9,10595
10/12/2019,10458.9,10676.8,10676.8,10404.4
11/12/2019,10349.9,10431.6,10513.3,10213.7
12/12/2019,10567.8,10431.6,10567.8,10322.7
13/12/2019,10458.9,10622.3,10649.5,10458.9
16/12/2019,10377.1,10458.9,10513.3,10349.9
17/12/2019,10159.3,10404.4,10431.6,10159.3
18/12/2019,10023.1,10213.7,10268.2,10023.1
19/12/2019,9859.7,10023.1,10132,9859.7
20/12/2019,9968.6,9914.1,10050.3,9859.7
23/12/2019,9995.8,9968.6,10077.5,9968.6
24/12/2019,9995.8,9968.6,10050.3,9914.1
25/12/2019,9914.1,9995.8,9995.8,9886.9
26/12/2019,9941.4,9886.9,9968.6,9859.7
27/12/2019,9859.7,9886.9,9941.4,9832.4
30/12/2019,9886.9,9968.6,10050.3,9859.7
31/12/2019,9832.4,9886.9,9914.1,9832.4
2/1/2020,10023.1,9859.7,10023.1,9832.4
3/1/2020,9941.4,10077.5,10132,9886.9
6/1/2020,9914.1,9886.9,9968.6,9832.4
7/1/2020,9941.4,9914.1,9968.6,9886.9
8/1/2020,9669,9832.4,9859.7,9560.1
9/1/2020,9777.9,9777.9,9832.4,9723.5
10/1/2020,9968.6,9805.2,9995.8,9750.7
13/01/2020,9968.6,9914.1,10077.5,9914.1
14/01/2020,10023.1,9968.6,10050.3,9941.4
15/01/2020,10023.1,10050.3,10050.3,9968.6
16/01/2020,10404.4,10023.1,10404.4,10023.1
17/01/2020,10486.1,10458.9,10622.3,10349.9
20/01/2020,10486.1,10486.1,10486.1,10349.9
21/01/2020,10486.1,10404.4,10595,10377.1
22/01/2020,10513.3,10486.1,10567.8,10431.6
30/01/2020,10077.5,10322.7,10322.7,9859.7
31/01/2020,9641.8,9859.7,9968.6,9396.6
3/2/2020,9287.7,9151.5,9314.9,8988.1
4/2/2020,9260.4,9314.9,9396.6,9151.5
5/2/2020,9233.2,9314.9,9396.6,9206
6/2/2020,9641.8,9260.4,9641.8,9206
7/2/2020,9641.8,9641.8,9777.9,9532.8
10/2/2020,9560.1,9369.4,9587.3,9151.5
11/2/2020,9505.6,9560.1,9587.3,9478.3
12/2/2020,9696.2,9532.8,9696.2,9532.8
13/02/2020,9587.3,9587.3,9641.8,9560.1
14/02/2020,9696.2,9587.3,9723.5,9532.8
17/02/2020,9614.5,9696.2,9777.9,9614.5
18/02/2020,9560.1,9614.5,9641.8,9478.3
19/02/2020,9587.3,9587.3,9614.5,9505.6
20/02/2020,9587.3,9641.8,9723.5,9532.8
21/02/2020,9505.6,9587.3,9614.5,9505.6
24/02/2020,8851.9,9287.7,9342.2,8851.9
25/02/2020,8933.6,8634,8960.8,8634
26/02/2020,8770.2,8715.7,9097,8661.2
27/02/2020,8988.1,8715.7,8988.1,8688.5
28/02/2020,8661.2,8797.4,8824.7,8606.8
2/3/2020,8606.8,8743,8770.2,8579.5
3/3/2020,8688.5,8770.2,8851.9,8688.5
4/3/2020,8851.9,8715.7,8960.8,8661.2
5/3/2020,9151.5,9015.3,9233.2,8960.8
6/3/2020,9097,9124.3,9124.3,8960.8
9/3/2020,8470.6,8470.6,8606.8,8470.6
10/3/2020,8470.6,8116.5,8525.1,8116.5
11/3/2020,7898.6,8634,8634,7898.6
12/3/2020,7381.1,7517.3,7626.3,7353.9
13/03/2020,7244.9,6918.1,7490.1,6918.1
16/03/2020,7244.9,7353.9,7408.4,7190.5
17/03/2020,7735.2,7136,7735.2,6972.6
18/03/2020,7462.8,7844.1,7844.1,7408.4
19/03/2020,7462.8,7299.4,7571.8,7244.9
20/03/2020,7544.5,7626.3,7653.5,7408.4
23/03/2020,7027,7190.5,7299.4,7027
24/03/2020,6809.2,7054.3,7081.5,6645.7
25/03/2020,7272.2,7081.5,7272.2,6945.3
26/03/2020,7054.3,7190.5,7217.7,7027
27/03/2020,6727.4,7081.5,7108.8,6727.4
30/03/2020,6264.4,6482.3,6482.3,6264.4
31/03/2020,6318.9,6346.1,6509.6,6046.5
1/4/2020,6754.7,6318.9,6754.7,6318.9
3/4/2020,7217.7,7027,7217.7,6972.6
6/4/2020,7708,7599,7708,7517.3
7/4/2020,7708,7898.6,7925.9,7626.3
8/4/2020,7816.9,7571.8,7898.6,7408.4
9/4/2020,8340.9,8214.6,8340.9,8183
10/4/2020,8404.1,8404.1,8593.7,8214.6
13/04/2020,8309.3,8309.3,8467.3,8214.6
14/04/2020,8340.9,8246.2,8340.9,8056.6
15/04/2020,8435.7,8404.1,8498.9,8340.9
16/04/2020,8435.7,8340.9,8562.1,8277.8
17/04/2020,8593.7,8530.5,8720.1,8498.9
20/04/2020,8656.9,8625.3,8720.1,8498.9
21/04/2020,8119.8,8404.1,8498.9,8056.6
22/04/2020,8404.1,7898.6,8498.9,7898.6
23/04/2020,8404.1,8530.5,8720.1,8404.1
24/04/2020,8372.5,8372.5,8435.7,8246.2
27/04/2020,8277.8,8435.7,8435.7,8246.2
28/04/2020,8183,8277.8,8277.8,8088.2
29/04/2020,8214.6,8214.6,8277.8,8151.4
4/5/2020,8025,8151.4,8214.6,8025
5/5/2020,7993.4,8025,8151.4,7961.8
6/5/2020,8183,8056.6,8214.6,8025
7/5/2020,8340.9,8183,8340.9,8151.4
8/5/2020,8530.5,8340.9,8720.1,8340.9
11/5/2020,8941.2,8656.9,8941.2,8625.3
12/5/2020,8972.8,8846.5,9067.6,8720.1
13/05/2020,8878,8846.5,9036,8656.9
14/05/2020,9004.4,8751.7,9257.2,8751.7
15/05/2020,8814.9,9067.6,9130.8,8783.3
18/05/2020,8941.2,8814.9,8972.8,8751.7
19/05/2020,9036,9162.4,9225.6,8972.8
20/05/2020,9036,9004.4,9099.2,8972.8
21/05/2020,9067.6,9130.8,9162.4,8972.8
22/05/2020,9036,8972.8,9288.8,8909.6
25/05/2020,9194,9099.2,9225.6,9036
26/05/2020,8618.3,8253.4,8646.4,8225.3
27/05/2020,8365.7,8702.5,8730.6,8365.7
28/05/2020,8337.6,8365.7,8477.9,8309.5
29/05/2020,8309.5,8309.5,8365.7,8225.3
1/6/2020,8534.1,8365.7,8590.2,8337.6
2/6/2020,8449.9,8590.2,8618.3,8421.8
3/6/2020,8534.1,8477.9,8534.1,8421.8
4/6/2020,8814.8,8674.5,8955.2,8674.5
5/6/2020,8814.8,8814.8,8871,8702.5
8/6/2020,9011.3,9095.5,9095.5,8927.1
9/6/2020,8899,9151.7,9151.7,8871
10/6/2020,8983.2,8842.9,9039.4,8646.4
11/6/2020,8365.7,8983.2,9095.5,8365.7
12/6/2020,8702.5,8197.2,8702.5,8028.8
15/06/2020,8113,8702.5,8730.6,8113
16/06/2020,8534.1,8421.8,8562.2,8281.4
17/06/2020,8421.8,8506,8562.2,8337.6
18/06/2020,8421.8,8253.4,8421.8,8253.4
19/06/2020,8590.2,8421.8,8590.2,8365.7
22/06/2020,8534.1,8590.2,8702.5,8393.7
23/06/2020,9039.4,8674.5,9123.6,8674.5
24/06/2020,8842.9,9039.4,9179.8,8814.8
25/06/2020,8871,8786.7,8899,8646.4
26/06/2020,8702.5,8927.1,9095.5,8674.5
29/06/2020,8309.5,8702.5,8702.5,8225.3
30/06/2020,8309.5,8534.1,8562.2,8113
1/7/2020,8590.2,8393.7,8646.4,8281.4
2/7/2020,8506,8590.2,8590.2,8449.9
3/7/2020,8506,8590.2,8590.2,8477.9
6/7/2020,8758.7,8590.2,8758.7,8506
7/7/2020,8730.6,8814.8,8899,8702.5
8/7/2020,8814.8,8702.5,8814.8,8618.3
9/7/2020,8899,8927.1,8983.2,8814.8
10/7/2020,8955.2,8842.9,9067.5,8842.9
13/07/2020,8955.2,9095.5,9123.6,8899
14/07/2020,9376.3,8927.1,9376.3,8927.1
15/07/2020,9292,9432.4,9432.4,9264
16/07/2020,9320.1,9320.1,9376.3,9264
17/07/2020,9376.3,9292,9516.6,9264
20/07/2020,9227,9555.4,9555.4,9227
21/07/2020,9107.5,9346.4,9376.3,9017.9
22/07/2020,8988.1,9197.1,9227,8988.1
23/07/2020,8898.5,9017.9,9047.8,8868.6
24/07/2020,8540.2,8868.6,8898.5,8331.1
27/07/2020,7943,8062.4,8361,7943
28/07/2020,8480.4,8241.6,8480.4,7972.8
29/07/2020,8092.3,8361,8361,7913.1
30/07/2020,8211.7,8122.1,8301.3,8122.1
31/07/2020,8092.3,8002.7,8241.6,7972.8
3/8/2020,8420.7,8062.4,8480.4,8062.4
4/8/2020,8570,8570,8629.7,8390.9
5/8/2020,8659.6,8480.4,8779.1,8450.6
6/8/2020,8570,8629.7,8689.5,8540.2
7/8/2020,8510.3,8570,8629.7,8480.4
10/8/2020,8599.9,8659.6,8719.3,8599.9
11/8/2020,8779.1,8689.5,8808.9,8599.9
12/8/2020,8749.2,8808.9,8838.8,8659.6
13/08/2020,8868.6,8779.1,8898.5,8719.3
14/08/2020,8719.3,8838.8,8898.5,8629.7
17/08/2020,8659.6,8719.3,8719.3,8510.3
18/08/2020,8599.9,8659.6,8719.3,8570
19/08/2020,8689.5,8570,8719.3,8570
20/08/2020,8570,8689.5,8719.3,8570
21/08/2020,8779.1,8629.7,8779.1,8570
24/08/2020,8958.2,8868.6,9017.9,8808.9
25/08/2020,8958.2,9047.8,9107.5,8928.4
26/08/2020,8988.1,8988.1,9077.7,8928.4
27/08/2020,9017.9,8988.1,9047.8,8928.4
28/08/2020,9017.9,9107.5,9197.1,9017.9
31/08/2020,8898.5,9047.8,9107.5,8868.6
1/9/2020,9017.9,8868.6,9017.9,8838.8
3/9/2020,9107.5,9167.2,9167.2,9017.9
4/9/2020,9197.1,8958.2,9376.3,8868.6
7/9/2020,9167.2,9256.8,9465.8,9137.4
8/9/2020,9436,9227,9436,9137.4
9/9/2020,9465.8,9256.8,9495.7,9227
10/9/2020,9465.8,9525.6,9645,9465.8
11/9/2020,9406.1,9465.8,9525.6,9376.3
14/09/2020,9406.1,9465.8,9495.7,9346.4
15/09/2020,9436,9436,9645,9406.1
16/09/2020,9495.7,9436,9615.2,9436
17/09/2020,9555.4,9525.6,9585.3,9436
18/09/2020,9734.6,9555.4,9824.2,9525.6
21/09/2020,9854,9824.2,10003.3,9764.5
22/09/2020,9883.9,9764.5,9913.8,9764.5
23/09/2020,9973.5,9883.9,10033.2,9883.9
24/09/2020,9883.9,9913.8,10033.2,9854
25/09/2020,9824.2,9913.8,9943.6,9704.7
28/09/2020,10092.9,9883.9,10122.8,9883.9
29/09/2020,10003.3,10212.4,10242.2,9973.5
30/09/2020,10122.8,10003.3,10152.6,9913.8
1/10/2020,10630.4,10212.4,10749.9,10152.6
2/10/2020,10600.6,10690.1,10779.7,10152.6
5/10/2020,10899.2,10779.7,10929,10630.4
6/10/2020,10839.4,10899.2,10958.9,10720
7/10/2020,10660.3,10749.9,10839.4,10630.4
8/10/2020,10660.3,10749.9,10779.7,10511
9/10/2020,10749.9,10749.9,10899.2,10660.3
12/10/2020,10660.3,10869.3,10869.3,10600.6
13/10/2020,10481.1,10660.3,10720,10481.1
14/10/2020,10809.6,10511,10809.6,10421.4
15/10/2020,10839.4,10929,10958.9,10779.7
16/10/2020,10839.4,10809.6,10929,10720
19/10/2020,10958.9,10929,11167.9,10839.4
20/10/2020,10869.3,10958.9,10958.9,10690.1
21/10/2020,10570.7,10869.3,10929,10570.7
22/10/2020,10749.9,10481.1,10749.9,10391.5
23/10/2020,10690.1,10809.6,10839.4,10570.7
26/10/2020,10511,10690.1,10809.6,10511
27/10/2020,10272.1,10451.3,10540.8,10272.1
28/10/2020,9973.5,10212.4,10301.9,9854
29/10/2020,10212.4,9854,10212.4,9824.2
30/10/2020,10212.4,10212.4,10242.2,9973.5
2/11/2020,10242.2,10212.4,10242.2,10092.9
3/11/2020,10361.7,10301.9,10391.5,10272.1
4/11/2020,10451.3,10391.5,10481.1,10301.9
5/11/2020,10301.9,10391.5,10481.1,10301.9
6/11/2020,10242.2,10301.9,10361.7,10182.5
9/11/2020,10451.3,10301.9,10511,10301.9
10/11/2020,10570.7,10600.6,10779.7,10511
11/11/2020,10451.3,10630.4,10690.1,10451.3
12/11/2020,10451.3,10511,10570.7,10421.4
13/11/2020,10630.4,10511,10630.4,10421.4
16/11/2020,10570.7,10749.9,10809.6,10570.7
17/11/2020,10899.2,10660.3,10899.2,10540.8
18/11/2020,10988.7,10929,11108.2,10869.3
19/11/2020,11018.6,11078.3,11108.2,10929
20/11/2020,10869.3,11018.6,11048.5,10809.6
23/11/2020,11167.9,10869.3,11197.8,10779.7
24/11/2020,11317.2,11227.6,11406.8,11108.2
25/11/2020,11466.5,11347.1,11526.2,11317.2
26/11/2020,11436.7,11436.7,11526.2,11257.5
27/11/2020,11556.1,11436.7,11586,11436.7
30/11/2020,11496.4,11586,11705.4,11466.5
1/12/2020,11586,11227.6,11586,11227.6
2/12/2020,11765.1,11586,11854.7,11556.1
3/12/2020,12063.7,11884.6,12183.2,11824.8
4/12/2020,11974.1,12063.7,12123.5,11944.3
7/12/2020,12272.8,12153.3,12302.6,12093.6
8/12/2020,13079,12332.5,13108.9,12332.5
9/12/2020,13556.8,13258.2,13855.4,13258.2
10/12/2020,13616.5,13556.8,13885.2,13377.6
11/12/2020,14064.4,13616.5,14064.4,13467.2
14/12/2020,15019.9,14392.9,15019.9,14333.1
15/12/2020,15229,14810.9,15587.3,14810.9
16/12/2020,14960.2,15288.7,15408.1,14930.4
17/12/2020,14960.2,14810.9,15288.7,14691.5
18/12/2020,16005.3,15169.2,16005.3,15019.9
21/12/2020,17110.2,16363.7,17110.2,16244.2
22/12/2020,17677.5,17319.2,17886.6,16990.7
23/12/2020,17199.8,17528.2,17558.1,17020.6
24/12/2020,16931,17140.1,17199.8,16005.3
25/12/2020,18095.6,16722,18095.6,16513
28/12/2020,19110.9,18931.7,19260.2,18573.4
29/12/2020,18931.7,18812.3,19200.4,18573.4
30/12/2020,18812.3,18752.5,19081,18513.6
31/12/2020,19767.8,18812.3,19976.8,18782.4
4/1/2021,20185.8,20603.9,20663.6,20185.8
5/1/2021,20156,19857.4,20365,19767.8
6/1/2021,20305.3,20424.7,20872.6,19708.1
7/1/2021,20544.2,20603.9,20663.6,20036.5
8/1/2021,20394.9,20842.8,20842.8,20036.5
11/1/2021,20036.5,20365,20424.7,19737.9
12/1/2021,20365,19827.5,20603.9,19409.5
13/01/2021,20006.7,20603.9,20603.9,19947
14/01/2021,21111.5,20006.7,21380.3,19708.1
15/01/2021,22067.1,21380.3,22246.2,21171.2
18/01/2021,21678.9,22067.1,22067.1,21529.6
19/01/2021,20185.8,21380.3,21708.7,20185.8
20/01/2021,19887.2,20424.7,20603.9,18842.1
21/01/2021,20633.8,19947,20902.5,19708.1
22/01/2021,20156,20484.5,20723.3,19947
25/01/2021,20126.1,19827.5,20633.8,19648.4
26/01/2021,19110.9,19976.8,20066.4,18872
27/01/2021,17797,18573.4,19110.9,17797
28/01/2021,16572.7,16572.7,16871.3,16572.7
29/01/2021,17199.8,15527.6,17707.4,15527.6
1/2/2021,16005.3,17199.8,17617.8,16005.3
2/2/2021,16602.6,15945.6,16722,15348.4
3/2/2021,17737.3,17020.6,17737.3,16722
4/2/2021,17737.3,17737.3,18274.8,17438.7
5/2/2021,18812.3,17797,18812.3,17767.1
8/2/2021,18274.8,18991.4,19558.8,17677.5
9/2/2021,18961.6,18394.2,19051.1,17677.5
17/02/2021,20036.5,19409.5,20066.4,19230.3
18/02/2021,19887.2,20006.7,20156,19558.8
19/02/2021,19797.7,19528.9,20066.4,19528.9
22/02/2021,19618.5,19797.7,20156,19528.9
23/02/2021,20066.4,19678.2,20275.4,19499
24/02/2021,19976.8,20484.5,20574,19708.1
25/02/2021,19976.8,20126.1,20156,19648.4
26/02/2021,19827.5,19528.9,19947,19469.2
1/3/2021,20902.5,20066.4,20962.2,19887.2
2/3/2021,20932.4,21201.1,21201.1,20693.5
3/3/2021,20812.9,20753.2,20962.2,20663.6
4/3/2021,19976.8,20872.6,20872.6,19708.1
5/3/2021,19976.8,19708.1,19976.8,19409.5
8/3/2021,20036.5,20394.9,20574,19917.1
9/3/2021,19737.9,19887.2,20036.5,19558.8
10/3/2021,19767.8,19588.6,19857.4,19290
11/3/2021,20275.4,20066.4,20484.5,19887.2
12/3/2021,20006.7,20275.4,20365,19947
15/03/2021,19827.5,20006.7,20126.1,19827.5
16/03/2021,19528.9,19827.5,19827.5,19349.7
17/03/2021,19469.2,19379.6,19648.4,19319.9
18/03/2021,19887.2,19827.5,20006.7,19708.1
19/03/2021,19887.2,19767.8,20305.3,19767.8
22/03/2021,19947,20066.4,20156,19827.5
23/03/2021,19648.4,19947,19947,19439.3
24/03/2021,18692.8,19290,19558.8,18513.6
25/03/2021,18394.2,18812.3,18961.6,18334.5
26/03/2021,18453.9,18304.6,18573.4,17558.1
29/03/2021,18752.5,18692.8,18782.4,18513.6
30/03/2021,18991.4,19051.1,19051.1,18633.1
31/03/2021,18961.6,18931.7,19200.4,18901.8
1/4/2021,20275.4,18991.4,20275.4,18961.6
2/4/2021,20484.5,20842.8,20872.6,20335.1
5/4/2021,20902.5,20902.5,21201.1,20544.2
6/4/2021,20902.5,20603.9,21081.7,20603.9
7/4/2021,21111.5,20902.5,21201.1,20783.1
8/4/2021,21021.9,21320.6,21320.6,20872.6
9/4/2021,21051.8,20962.2,21320.6,20902.5
12/4/2021,21798.3,21260.8,22007.3,21021.9
13/04/2021,21260.8,22037.2,22037.2,20992.1
14/04/2021,21469.9,21021.9,21619.2,20902.5
15/04/2021,20812.9,21469.9,21469.9,20723.3
16/04/2021,20305.3,20693.5,20932.4,19887.2
19/04/2021,20783.1,20603.9,20783.1,20185.8
20/04/2021,20365,21201.1,21231,20245.6
22/04/2021,18961.6,20066.4,20305.3,18961.6
23/04/2021,19708.1,19110.9,19708.1,18842.1
26/04/2021,18931.7,19708.1,19767.8,18872
27/04/2021,18991.4,18931.7,19110.9,18603.2
28/04/2021,19170.6,18991.4,19439.3,18931.7
29/04/2021,19469.2,19170.6,19708.1,19170.6
4/5/2021,19648.4,18991.4,19648.4,18872
5/5/2021,20066.4,19767.8,20424.7,19678.2
6/5/2021,19618.5,20006.7,20275.4,19558.8
7/5/2021,19528.9,19409.5,20006.7,19349.7
10/5/2021,20723.3,19409.5,20842.8,19290
11/5/2021,20424.7,20902.5,21081.7,20424.7
12/5/2021,20783.1,20305.3,20812.9,20305.3
13/05/2021,20932.4,20544.2,21589.3,20544.2
14/05/2021,21081.7,21111.5,21440,20932.4
17/05/2021,21171.2,21499.7,21678.9,21081.7
18/05/2021,21051.8,21141.4,21440,20842.8
19/05/2021,21499.7,21051.8,21619.2,20902.5
20/05/2021,22992.8,21589.3,22992.8,21499.7
21/05/2021,23291.4,23291.4,24067.7,22992.8
24/05/2021,23769.1,23410.8,23799,23052.5
25/05/2021,24426.1,23769.1,24485.8,23590
26/05/2021,24455.9,24366.3,24903.8,24187.2
27/05/2021,23649.7,24455.9,24545.5,23291.4
28/05/2021,24963.6,23828.9,25023.3,23590
31/05/2021,26516.3,25321.9,26576,25083
1/6/2021,26098.3,26874.6,27053.8,25859.4
2/6/2021,27471.9,25680.2,27471.9,25680.2
3/6/2021,29203.8,28487.1,29382.9,28069.1
4/6/2021,29114.2,29144.1,29860.7,28666.3
7/6/2021,28158.7,28785.7,29442.7,27173.3
8/6/2021,26277.4,28069.1,28606.6,26277.4
9/6/2021,27889.9,26635.8,28098.9,25680.2
10/6/2021,28069.1,27889.9,28517,27770.5
11/6/2021,29920.4,27770.5,29980.2,27710.7
14/06/2021,31652.4,30159.3,32010.7,29860.7
15/06/2021,31652.4,31652.4,32565.4,31348
16/06/2021,30069.7,30921.9,31469.8,29795.8
17/06/2021,30739.3,29278.4,31287.1,29278.4
18/06/2021,30739.3,31348,31348,30495.8
21/06/2021,29826.3,30495.8,30739.3,29765.4
22/06/2021,30130.6,30374.1,30374.1,29887.1
23/06/2021,30374.1,30130.6,30921.9,29948
24/06/2021,30556.7,30435,30739.3,30252.4
25/06/2021,32687.1,30739.3,32687.1,30678.4
28/06/2021,32808.9,33356.7,33356.7,32382.8
29/06/2021,33235,32808.9,33965.4,32626.3
30/06/2021,33478.5,32930.6,33661.1,32869.8
1/7/2021,35000.2,34087.2,35426.3,33721.9
2/7/2021,35243.7,35243.7,35913.3,34695.9
5/7/2021,34391.5,34878.5,35061.1,33356.7
6/7/2021,32017.6,34391.5,35182.8,32017.6
7/7/2021,33174.1,32261.1,33174.1,30739.3
8/7/2021,33113.2,33356.7,33782.8,32565.4
9/7/2021,32017.6,32687.1,33478.5,31713.2
12/7/2021,30130.6,31348,31956.7,29795.8
13/07/2021,31530.6,30678.4,31530.6,29978.4
14/07/2021,31043.7,31530.6,31713.2,29856.7
15/07/2021,32687.1,30435,32687.1,30435
16/07/2021,32139.3,32687.1,32808.9,32078.5
19/07/2021,30008.9,31043.7,31530.6,30008.9
20/07/2021,32078.5,30495.8,32078.5,29704.5
21/07/2021,31348,32017.6,32261.1,31287.1
22/07/2021,31774.1,31165.4,32261.1,31104.5
23/07/2021,30800.2,31530.6,31895.8,30800.2
26/07/2021,30921.9,30800.2,31408.9,30435
27/07/2021,31652.4,31530.6,32504.5,31408.9
28/07/2021,31895.8,31591.5,32261.1,31530.6
29/07/2021,32869.8,32261.1,32869.8,32078.5
30/07/2021,33235,32869.8,33478.5,32626.3
2/8/2021,33478.5,32930.6,33843.7,32869.8
3/8/2021,34391.5,33356.7,34391.5,33174.1
4/8/2021,34574.1,34878.5,34878.5,34208.9
5/8/2021,35000.2,34269.8,35182.8,34148
6/8/2021,34330.6,34817.6,35121.9,34330.6
9/8/2021,36095.9,34148,36643.7,34148
10/8/2021,36156.7,36643.7,36704.6,35913.3
11/8/2021,35121.9,36339.3,36400.2,35121.9
12/8/2021,35121.9,34939.3,35852.4,34939.3
13/08/2021,35913.3,35304.6,36339.3,35121.9
16/08/2021,37800.2,37313.3,38043.7,37069.8
17/08/2021,37313.3,37617.6,37861.1,37008.9
18/08/2021,36643.7,37069.8,38043.7,36643.7
19/08/2021,38165.4,37069.8,38287.2,37008.9
20/08/2021,38043.7,38165.4,38652.4,36948
23/08/2021,38591.5,38043.7,38591.5,37617.6
24/08/2021,37252.4,38348.1,38713.3,36339.3
25/08/2021,37739.4,37252.4,37739.4,36765.4
26/08/2021,37191.5,37739.4,37922,36339.3
27/08/2021,37252.4,36643.7,37374.1,36400.2
30/08/2021,37982.8,37495.9,38043.7,36948
31/08/2021,37617.6,38287.2,38469.8,37130.7
1/9/2021,37252.4,37313.3,37739.4,37069.8
6/9/2021,36522,37374.1,37556.7,36522
7/9/2021,36765.4,36826.3,37374.1,36400.2
8/9/2021,39317.5,39317.5,39317.5,39139.8
9/9/2021,39050.9,39450.8,40250.4,38873.2
10/9/2021,38917.6,39095.3,39361.9,38739.9
13/09/2021,38739.9,38917.6,38917.6,37940.3
14/09/2021,37762.6,38295.7,38473.4,37762.6
15/09/2021,38118,37318.3,38340.1,37229.4
16/09/2021,37762.6,38251.2,38384.5,37629.3
17/09/2021,38206.8,37807,39050.9,37584.8
20/09/2021,38029.1,38828.8,38873.2,37984.7
21/09/2021,37407.1,37762.6,37940.3,37140.6
22/09/2021,37140.6,37629.3,37673.7,37007.3
23/09/2021,37229.4,37318.3,37940.3,37140.6
24/09/2021,37140.6,37318.3,37584.8,37096.2
27/09/2021,35541.2,37140.6,37273.9,35541.2
28/09/2021,36074.3,35541.2,36340.9,35363.5
29/09/2021,35630.1,35985.5,36029.9,35363.5
30/09/2021,36118.8,35807.8,36163.2,35630.1
1/10/2021,34830.4,35718.9,35896.6,34830.4
4/10/2021,34297.3,34652.7,34741.5,33630.9
5/10/2021,35896.6,35052.5,36163.2,34830.4
6/10/2021,35496.8,36163.2,36207.6,35452.4
7/10/2021,36163.2,35541.2,36385.3,35319.1
8/10/2021,36296.5,36163.2,36607.5,35985.5
11/10/2021,37229.4,36429.8,37229.4,36429.8
12/10/2021,36785.2,37229.4,37451.6,36785.2
13/10/2021,36429.8,36785.2,37096.2,36429.8
14/10/2021,36429.8,36429.8,36962.9,36118.8
15/10/2021,36207.6,36607.5,36785.2,36163.2
18/10/2021,36296.5,36207.6,36962.9,35763.4
19/10/2021,36340.9,36429.8,37051.7,36252.1
20/10/2021,35807.8,36340.9,36385.3,35452.4
21/10/2021,35274.7,35896.6,35941.1,35274.7
22/10/2021,34830.4,35274.7,35496.8,34697.1
25/10/2021,34030.7,34652.7,34741.5,33853
26/10/2021,34475,34030.7,34519.4,33764.2
27/10/2021,35896.6,34652.7,35985.5,34563.8
28/10/2021,36252.1,35985.5,36785.2,35763.4
29/10/2021,35985.5,36296.5,36429.8,35718.9
1/11/2021,36785.2,36074.3,37140.6,35985.5
2/11/2021,37629.3,36874,37762.6,36785.2
3/11/2021,37051.7,37984.7,38073.5,36785.2
4/11/2021,38206.8,37140.6,39006.5,37051.7
5/11/2021,38118,38473.4,38562.2,38029.1
8/11/2021,39539.6,38473.4,39939.5,38295.7
9/11/2021,39361.9,39539.6,39806.2,38917.6
10/11/2021,39717.3,39539.6,40605.9,39361.9
11/11/2021,39228.6,39761.7,40428.1,38429
12/11/2021,39628.5,39450.8,40161.6,39139.8
15/11/2021,40694.7,40428.1,41583.2,40072.7
16/11/2021,39761.7,40161.6,40739.1,39539.6
17/11/2021,40739.1,39806.2,41094.5,39628.5
18/11/2021,43582.4,43004.9,43582.4,41760.9
19/11/2021,43093.7,44426.5,45137.4,40605.9
22/11/2021,43182.6,43093.7,44337.7,42560.6
23/11/2021,46203.6,42916,46203.6,42560.6
24/11/2021,47269.8,47092.1,48336.1,46825.6
25/11/2021,48869.2,47358.7,49313.5,46914.4
26/11/2021,47536.4,48602.6,49224.6,47092.1
29/11/2021,49135.7,46647.9,49224.6,46647.9
30/11/2021,49668.9,50468.5,51268.2,48869.2
1/12/2021,49046.9,49313.5,49935.4,48069.5
2/12/2021,47980.7,48869.2,49580,47980.7
3/12/2021,44870.8,48069.5,48336.1,44870.8
6/12/2021,45315.1,44959.7,46470.2,43538
7/12/2021,46381.3,46203.6,46647.9,45137.4
8/12/2021,46025.9,46647.9,47003.3,46025.9
9/12/2021,47802.9,45315.1,47802.9,45315.1
10/12/2021,47092.1,47714.1,47802.9,46736.7
13/12/2021,47447.5,47269.8,47980.7,46470.2
14/12/2021,46825.6,47358.7,47891.8,46736.7
15/12/2021,45937,46647.9,47181,45937
16/12/2021,45226.2,46114.7,46203.6,44870.8
17/12/2021,46647.9,45315.1,47003.3,45226.2
20/12/2021,47536.4,46647.9,48424.9,46292.4
21/12/2021,46647.9,47181,47714.1,46647.9
22/12/2021,45403.9,46647.9,46914.4,45137.4
23/12/2021,43538,45137.4,45226.2,42649.5
24/12/2021,43582.4,43715.7,44382.1,43004.9
27/12/2021,43671.3,44382.1,44382.1,43538
28/12/2021,43360.3,43804.6,44026.7,43360.3
29/12/2021,44115.5,43449.1,44781.9,42738.3
30/12/2021,46736.7,44604.2,46914.4,44515.4
31/12/2021,46025.9,47003.3,47092.1,45848.2
4/1/2022,47092.1,46647.9,47447.5,46114.7
5/1/2022,46914.4,47092.1,47891.8,46647.9
6/1/2022,46114.7,46559,47092.1,46114.7
7/1/2022,45848.2,45937,46647.9,45492.8
10/1/2022,44026.7,45848.2,46203.6,44026.7
11/1/2022,42738.3,44160,44959.7,42649.5
12/1/2022,44870.8,43093.7,44870.8,42738.3
13/01/2022,43404.7,45315.1,45403.9,43404.7
14/01/2022,43271.4,43049.3,43937.8,42916
17/01/2022,40250.4,43093.7,43449.1,40250.4
18/01/2022,37584.8,39361.9,40072.7,37451.6
19/01/2022,40161.6,39006.5,40161.6,38517.8
20/01/2022,40605.9,40339.3,41050.1,39495.2
21/01/2022,39584,40161.6,40517,39273.1
24/01/2022,36829.6,38917.6,39361.9,36829.6
25/01/2022,38029.1,36429.8,38118,36340.9
26/01/2022,37718.1,38206.8,38562.2,37673.7
27/01/2022,38562.2,37762.6,39539.6,37407.1
28/01/2022,40028.3,38473.4,40028.3,38384.5
7/2/2022,40739.1,40872.4,41672.1,40250.4
8/2/2022,40561.4,40428.1,40961.3,39983.9
9/2/2022,40605.9,40250.4,41139,40250.4
10/2/2022,40072.7,40694.7,40783.6,39628.5
11/2/2022,40072.7,39983.9,40561.4,39806.2
14/02/2022,38739.9,39539.6,39717.3,38739.9
15/02/2022,39273.1,39273.1,39717.3,38517.8
16/02/2022,39895,39717.3,40072.7,39361.9
17/02/2022,39983.9,39806.2,40117.2,39806.2
18/02/2022,40161.6,39539.6,40694.7,39450.8
21/02/2022,40872.4,40250.4,41227.8,40250.4
22/02/2022,39983.9,40250.4,40605.9,39539.6
23/02/2022,40250.4,40161.6,40517,40161.6
24/02/2022,39628.5,40072.7,40872.4,38606.7
25/02/2022,40605.9,39983.9,41361.1,39806.2
28/02/2022,40605.9,40694.7,41405.5,40561.4
1/3/2022,40872.4,40872.4,41139,40339.3
2/3/2022,39806.2,40517,40739.1,39584
3/3/2022,40428.1,39983.9,40428.1,39539.6
4/3/2022,41405.5,40872.4,42116.4,40828
7/3/2022,41583.2,40961.3,41627.7,40650.3
8/3/2022,41760.9,41316.7,42827.2,40961.3
9/3/2022,41405.5,42027.5,42205.2,40783.6
10/3/2022,41405.5,42471.8,42471.8,41405.5
11/3/2022,39983.9,41050.1,41316.7,39717.3
14/03/2022,38384.5,39628.5,39806.2,38118
15/03/2022,38473.4,38251.2,39184.2,38206.8
16/03/2022,38917.6,38651.1,39495.2,38562.2
17/03/2022,38917.6,39495.2,39495.2,38917.6
18/03/2022,38917.6,39050.9,39539.6,38828.8
21/03/2022,39361.9,39361.9,39495.2,38917.6
22/03/2022,39406.3,39361.9,39806.2,39273.1
23/03/2022,39273.1,39539.6,39717.3,39273.1
24/03/2022,38917.6,39495.2,39495.2,38873.2
25/03/2022,38606.7,38873.2,39050.9,38473.4
28/03/2022,37540.4,38118,38429,37140.6
29/03/2022,37895.8,38118,38118,37851.4
30/03/2022,37584.8,37407.1,38384.5,37362.7
31/03/2022,37318.3,38029.1,38029.1,37318.3
1/4/2022,38118,37318.3,38118,36785.2
4/4/2022,39983.9,38651.1,40028.3,38295.7
5/4/2022,39361.9,39806.2,40339.3,39317.5
6/4/2022,39628.5,38828.8,39895,38828.8
7/4/2022,39139.8,39628.5,40294.9,39139.8
8/4/2022,38206.8,39095.3,39317.5,38206.8
12/4/2022,37140.6,38295.7,38562.2,36962.9
13/04/2022,37807,37318.3,37984.7,36340.9
14/04/2022,37318.3,38162.4,38162.4,37229.4
15/04/2022,35541.2,37140.6,37407.1,35407.9
18/04/2022,33319.9,34919.3,35541.2,33053.3
19/04/2022,31098.6,33408.8,34119.6,31098.6
20/04/2022,31276.3,31054.1,31987.1,30832
21/04/2022,32031.5,30743.2,32697.9,30654.3
22/04/2022,32031.5,32431.4,32564.6,31098.6
25/04/2022,29810.2,31987.1,32209.2,29810.2
26/04/2022,30654.3,28877.2,30654.3,27855.4
27/04/2022,30565.5,30432.2,30743.2,29943.5
28/04/2022,29765.8,30476.6,30787.6,29588.1
29/04/2022,29810.2,29765.8,30387.7,29454.8
4/5/2022,28433,29810.2,30032.3,28433
5/5/2022,27544.5,28877.2,29099.4,26922.5
6/5/2022,25634.1,26655.9,27277.9,25634.1
9/5/2022,23857,25278.7,25323.1,23857
10/5/2022,24790,23101.8,24923.3,23057.4
11/5/2022,24612.3,24923.3,24967.7,24301.3
12/5/2022,22924.1,24212.5,24479,22924.1
13/05/2022,22924.1,23101.8,23634.9,22257.7
16/05/2022,24256.9,24345.7,24523.4,24168
17/05/2022,25900.7,23990.3,25900.7,23901.5
18/05/2022,25456.4,25945.1,26611.5,25412
19/05/2022,25323.1,24523.4,25767.4,24523.4
20/05/2022,25278.7,25589.7,26211.7,25234.3
23/05/2022,23546.1,25323.1,25456.4,23546.1
24/05/2022,24967.7,23457.2,24967.7,22346.5
25/05/2022,25589.7,24967.7,26033.9,24878.9
26/05/2022,26167.2,25678.5,26833.6,25589.7
27/05/2022,26567.1,26033.9,27055.8,25989.5
30/05/2022,26567.1,26700.3,27277.9,26211.7
31/05/2022,26344.9,26122.8,26700.3,25767.4
1/6/2022,26256.1,26211.7,26567.1,25500.8
2/6/2022,25767.4,26300.5,26833.6,25589.7
3/6/2022,25989.5,25589.7,26389.4,25589.7
6/6/2022,25767.4,26256.1,26567.1,25589.7
7/6/2022,25056.6,25500.8,25723,24212.5
8/6/2022,26033.9,25323.1,26433.8,25056.6
9/6/2022,25767.4,26078.4,26300.5,25634.1
10/6/2022,24745.6,25412,25767.4,24745.6
13/06/2022,23057.4,23546.1,23990.3,23057.4
14/06/2022,21635.7,22568.7,22835.2,21458
15/06/2022,20125.2,21769,21991.1,20125.2
16/06/2022,19681,20791.6,20791.6,19503.2
17/06/2022,18303.7,18525.9,19103.4,18303.7
20/06/2022,17059.8,18348.2,18925.7,17059.8
21/06/2022,16260.1,16304.5,17681.8,16038
22/06/2022,17700,17700,17700,17500
23/06/2022,18500,18000,18500,17900
24/06/2022,18600,18400,19100,18350
27/06/2022,19850,18750,19850,18600
28/06/2022,19600,19900,19950,19450
29/06/2022,19750,19300,20200,19200
30/06/2022,18800,19700,19850,18800
1/7/2022,19700,18650,19800,17950
4/7/2022,20200,20050,20600,19950
5/7/2022,19700,20150,20350,19700
6/7/2022,19000,19200,19800,18900
7/7/2022,19100,18800,19200,18650
8/7/2022,20400,19300,20400,19300
11/7/2022,20650,20450,21150,19900
12/7/2022,20900,20550,21150,20400
13/07/2022,20700,20900,21100,20300
14/07/2022,21500,20500,21950,20350
15/07/2022,21100,21600,21750,21100
18/07/2022,20900,21300,21400,20700
19/07/2022,20650,20650,20900,20100
20/07/2022,21300,21000,21600,20900
21/07/2022,21300,21200,21600,21100
22/07/2022,20900,21300,21500,20900
25/07/2022,20450,20700,21050,20300
26/07/2022,20250,20550,20700,20100
27/07/2022,20400,20000,20400,19800
28/07/2022,21150,20900,21350,20700
29/07/2022,21350,21300,21650,21050
1/8/2022,22800,21350,22800,21350
2/8/2022,23200,23000,23650,22900
3/8/2022,23550,22900,23700,22850
4/8/2022,23550,23800,23900,23000
5/8/2022,24800,23350,25100,23250
8/8/2022,24650,25150,25350,24350
9/8/2022,24800,24700,24950,24350
10/8/2022,24550,24550,25000,24450
11/8/2022,24400,24850,25200,23800
12/8/2022,24900,24350,24900,24050
15/08/2022,24750,25150,25300,24600
16/08/2022,24600,24750,25000,24450
17/08/2022,24550,24800,25150,24500
18/08/2022,25100,24300,25500,24300
19/08/2022,25150,25100,25450,24900
22/08/2022,24700,25150,25350,24600
23/08/2022,25400,24300,25400,23800
24/08/2022,25250,25650,25700,25150
25/08/2022,25500,25350,26000,25350
26/08/2022,24800,25500,25650,24800
29/08/2022,24400,24200,24400,23550
30/08/2022,23950,24650,24800,23900
31/08/2022,24000,23700,24200,23700
5/9/2022,23700,24100,24300,23700
6/9/2022,23750,23850,24150,23500
7/9/2022,22550,23700,23950,22550
8/9/2022,22050,22950,23000,22050
9/9/2022,22200,22000,22200,21300
12/9/2022,21850,22500,22500,21850
13/09/2022,21650,21850,22050,21200
14/09/2022,21950,21000,22150,21000
15/09/2022,21650,22100,22100,21600
16/09/2022,21150,21500,21700,21050
19/09/2022,19900,21150,21150,19900
20/09/2022,20700,20200,20750,19900
21/09/2022,20550,20500,20800,20350
22/09/2022,21100,20300,21200,20200
23/09/2022,20650,21000,21300,20550
26/09/2022,19500,20050,20300,19250
27/09/2022,19550,19700,20000,19500
28/09/2022,19750,19400,20050,19400
29/09/2022,19300,20200,20200,19300
30/09/2022,19800,19150,19800,18300
3/10/2022,18450,19600,19650,18450
4/10/2022,17800,18900,19100,17600
5/10/2022,18650,18350,18800,18200
6/10/2022,17400,18650,18650,17400
7/10/2022,16800,17050,17100,16200
10/10/2022,17400,16750,17700,16550
11/10/2022,16200,17050,17400,16200
12/10/2022,17250,16400,17300,16250
13/10/2022,17500,17250,17700,17000
14/10/2022,17900,18000,18400,17800
17/10/2022,18000,17600,18000,17250
18/10/2022,17800,18400,18500,17700
19/10/2022,17650,17900,18000,17500
20/10/2022,17400,17500,17850,17250
21/10/2022,16200,17400,17450,16200
24/10/2022,15100,16300,16400,15100
25/10/2022,15050,15100,16050,14300
26/10/2022,14850,15300,15600,14700
27/10/2022,15850,15100,15850,15000
28/10/2022,15900,16200,16400,15850
31/10/2022,16300,15900,16400,15200
1/11/2022,16950,16600,17050,16300
2/11/2022,16500,16950,17050,16500
3/11/2022,16500,16200,16800,16150
4/11/2022,15350,16250,16300,15350
7/11/2022,14300,15250,15500,14300
8/11/2022,15000,13800,15150,13800
9/11/2022,14900,15150,15600,14900
10/11/2022,13900,14700,14800,13900
11/11/2022,14100,14300,14600,13800
14/11/2022,14250,13800,14500,13200
15/11/2022,13900,14000,14250,13300
16/11/2022,14850,13100,14850,13050
17/11/2022,15800,15150,15850,15100
18/11/2022,16250,15750,16600,15350
21/11/2022,16100,16450,16500,15950
22/11/2022,16350,15900,17000,15900
23/11/2022,15800,16200,16450,15800
24/11/2022,16000,15450,16000,15250
25/11/2022,17100,16400,17100,16150
28/11/2022,18250,17500,18250,17500
29/11/2022,18950,18500,19150,18000
30/11/2022,19250,18700,19400,18450
1/12/2022,18200,19500,19650,18200
2/12/2022,19450,18100,19450,18100
5/12/2022,20800,20300,20800,19800
6/12/2022,19550,20400,20950,19550
7/12/2022,19250,19550,19950,18900
8/12/2022,20550,19750,20550,19550
9/12/2022,20250,20700,20800,19900
12/12/2022,19150,20400,20750,19100
13/12/2022,20400,19150,20400,18850
14/12/2022,20100,21000,21000,20100
15/12/2022,20250,20100,20350,19950
16/12/2022,20500,20000,20600,20000
19/12/2022,20500,20500,21850,20350
20/12/2022,19800,20500,20750,19350
21/12/2022,19300,20200,20200,18450
22/12/2022,19100,19500,19550,18600
23/12/2022,18300,19000,19100,18250
26/12/2022,17050,18200,18300,17050
27/12/2022,18200,17000,18200,17000
28/12/2022,18150,18450,18450,17800
29/12/2022,17600,18000,18250,17600
30/12/2022,17700,17750,18100,17600
3/1/2023,18900,17800,18900,17800
4/1/2023,19000,19200,19500,18950
5/1/2023,19300,19150,19350,18700
6/1/2023,18900,19300,19600,18900
9/1/2023,19000,19100,19350,18850
10/1/2023,18900,19000,19250,18450
11/1/2023,19300,19050,19750,19050
12/1/2023,19300,19350,19500,19100
13/01/2023,19200,19500,19850,19100
16/01/2023,19400,19300,19500,19100
17/01/2023,20400,19600,20400,19500
18/01/2023,20550,20500,21000,20300
19/01/2023,21200,20450,21250,20400
27/01/2023,20950,21500,21600,20850
30/01/2023,21000,20950,21700,20700
31/01/2023,21600,21150,21650,20850
1/2/2023,20150,21700,21850,20100
2/2/2023,20150,20300,20400,19900
3/2/2023,19750,20100,20300,19600
6/2/2023,20000,19600,20000,19400
7/2/2023,19050,20100,20350,19050
8/2/2023,19500,19400,19700,18700
9/2/2023,19350,19450,19750,19300
10/2/2023,19000,19350,19600,18850
13/02/2023,18500,18950,19000,18150
14/02/2023,18900,18750,18900,18500
15/02/2023,19100,18900,19350,18800
16/02/2023,19500,19300,19500,19150
17/02/2023,19450,19450,19650,19200
20/02/2023,20750,19450,20750,19400
21/02/2023,20450,20800,20950,20450
22/02/2023,19300,20200,20400,19300
23/02/2023,19700,19300,19700,18800
24/02/2023,19000,19750,19750,19000
27/02/2023,18250,18800,18900,18250
28/02/2023,18250,18600,18750,18200
1/3/2023,18950,18300,19000,18150
2/3/2023,18650,19000,19100,18650
3/3/2023,18450,18850,18850,18450
6/3/2023,18750,18850,19200,18750
7/3/2023,19400,19000,19500,18800
8/3/2023,19800,19100,19800,19000
9/3/2023,19800,19800,20100,19750
10/3/2023,19800,19550,19850,19450
13/03/2023,19650,19550,19950,19200
14/03/2023,19050,19650,19700,19000
15/03/2023,20350,19650,20350,19500
16/03/2023,20150,20200,20650,20150
17/03/2023,20300,20400,20500,20050
20/03/2023,19500,20200,20250,19500
21/03/2023,20000,19700,20000,19350
22/03/2023,19850,20150,20300,19850
23/03/2023,20350,19700,20400,19650
24/03/2023,20450,20450,20650,20400
27/03/2023,21000,20500,21400,20450
28/03/2023,20800,21200,21300,20750
29/03/2023,21050,20800,21100,20750
30/03/2023,20950,21500,21700,20950
31/03/2023,21500,21050,21700,20850
3/4/2023,22000,22000,22150,21900
4/4/2023,22500,22100,22700,21800
5/4/2023,22500,22400,22600,22100
6/4/2023,21850,22650,23000,21850
7/4/2023,22500,21900,22500,21750
10/4/2023,22400,22750,23200,22250
11/4/2023,22600,22400,22600,21800
12/4/2023,22000,22600,22700,21950
13/04/2023,21750,22100,22250,21650
14/04/2023,21200,21900,22050,21200
17/04/2023,21350,21200,21500,21150
18/04/2023,21750,21450,21750,21150
19/04/2023,21300,21800,21850,21250
20/04/2023,21100,21200,21400,21050
21/04/2023,21650,21400,22200,21350
24/04/2023,21500,21700,21900,21450
25/04/2023,21100,21650,21700,20950
26/04/2023,21350,21100,21350,20700
27/04/2023,21150,21400,21450,21100
28/04/2023,21550,21300,21550,21250
4/5/2023,21750,21350,21900,21300
5/5/2023,21450,21750,21800,21450
8/5/2023,22300,21650,22300,21600
9/5/2023,22250,22400,22450,22050
10/5/2023,22500,22250,22700,22250
11/5/2023,22400,22500,22900,22400
12/5/2023,23250,22350,23250,22300
15/05/2023,22900,23500,23600,22900
16/05/2023,22900,22900,23150,22850
17/05/2023,22450,22900,23000,22400
18/05/2023,22800,22600,23150,22450
19/05/2023,22900,22800,23300,22650
22/05/2023,22900,23100,23200,22850
23/05/2023,22850,23000,23300,22800
24/05/2023,22700,23150,23200,22700
25/05/2023,22500,22600,22700,22450
26/05/2023,22550,22550,22700,22500
29/05/2023,23400,22850,23450,22750
30/05/2023,23350,23500,23600,23100
31/05/2023,23150,23250,23500,23000
1/6/2023,23450,23200,23600,23050
2/6/2023,24100,23800,24350,23700
5/6/2023,24100,24450,24600,23900
6/6/2023,25150,24100,25300,23900
7/6/2023,25100,25150,25400,24900
8/6/2023,24300,25300,25400,24300
9/6/2023,25250,24500,25250,24250
12/6/2023,25350,25250,25400,24700
13/06/2023,25350,25500,25700,25100
14/06/2023,25400,25500,26200,25350
