Date,Price,Open,High,Low,Vol.,Change %
1/12/2017,16511.90,16477.20,16615.90,16338.40,1.06M,1.28%
4/12/2017,16997.50,16720.00,17309.70,16615.90,1.60M,2.94%
5/12/2017,16303.70,16997.50,16997.50,16303.70,2.36M,-4.08%
6/12/2017,16234.40,16234.40,16373.10,15748.70,2.62M,-0.43%
7/12/2017,15818.10,16303.70,16338.40,15679.30,1.07M,-2.56%
8/12/2017,15783.40,15748.70,16026.20,15610.00,933.06K,-0.22%
11/12/2017,14985.60,15471.20,15610.00,14985.60,1.57M,-5.05%
12/12/2017,14846.80,15124.30,15193.70,14014.30,2.06M,-0.93%
13/12/2017,14812.10,14985.60,15124.30,14534.60,926.81K,-0.23%
14/12/2017,15228.40,14846.80,15228.40,14846.80,1.13M,2.81%
15/12/2017,15263.10,15228.40,15332.50,15089.60,1.08M,0.23%
18/12/2017,15714.00,15610.00,15887.50,15401.80,2.28M,2.95%
19/12/2017,16373.10,15922.20,16442.50,15783.40,2.63M,4.19%
20/12/2017,16442.50,16477.20,16720.00,16234.40,2.13M,0.42%
21/12/2017,16338.40,16442.50,16546.60,16303.70,878.05K,-0.63%
22/12/2017,16407.80,16199.70,16477.20,16130.30,1.07M,0.42%
25/12/2017,16720.00,16407.80,16858.80,16373.10,1.40M,1.90%
26/12/2017,16650.60,16858.80,16858.80,16511.90,902.80K,-0.42%
27/12/2017,16928.10,16858.80,17205.70,16789.40,2.38M,1.67%
28/12/2017,18107.60,17136.30,18107.60,16928.10,4.16M,6.97%
29/12/2017,18315.70,18246.30,18662.60,18107.60,2.32M,1.15%
2/1/2018,18523.80,18315.70,18593.20,18315.70,1.11M,1.14%
3/1/2018,18593.20,18523.80,18905.40,18419.80,2.55M,0.37%
4/1/2018,18732.00,18593.20,18801.30,18489.10,1.58M,0.75%
5/1/2018,18211.60,18732.00,18801.30,18107.60,1.79M,-2.78%
8/1/2018,18732.00,18038.20,18801.30,17830.10,2.34M,2.86%
9/1/2018,19009.50,19356.40,19356.40,18697.30,1.43M,1.48%
10/1/2018,19078.90,19113.50,19252.30,18801.30,1.79M,0.37%
11/1/2018,18870.70,18940.10,19078.90,18593.20,1.63M,-1.09%
12/1/2018,19148.20,19044.20,19564.50,18974.80,2.24M,1.47%
15/01/2018,19599.20,19148.20,19703.30,18974.80,1.65M,2.36%
16/01/2018,19599.20,19495.10,19703.30,19356.40,1.40M,0.00%
17/01/2018,18523.80,19564.50,19703.30,18523.80,2.22M,-5.49%
18/01/2018,19078.90,18107.60,19078.90,17830.10,2.02M,3.00%
19/01/2018,19217.60,19182.90,19425.70,19078.90,1.20M,0.73%
22/01/2018,19842.00,19495.10,20223.60,19425.70,2.79M,3.25%
25/01/2018,20466.40,20119.50,20813.30,19911.40,3.73M,3.15%
26/01/2018,20293.00,20813.30,20813.30,20015.40,2.20M,-0.85%
29/01/2018,20674.50,20397.00,21160.20,20258.30,2.00M,1.88%
30/01/2018,21992.70,20397.00,21992.70,20327.60,2.08M,6.38%
31/01/2018,20813.30,22131.50,22409.00,20813.30,2.44M,-5.36%
1/2/2018,19633.90,20813.30,21021.40,19564.50,3.81M,-5.67%
2/2/2018,20084.80,19772.60,20084.80,19148.20,2.20M,2.30%
5/2/2018,18697.30,19495.10,19737.90,18697.30,2.79M,-6.91%
6/2/2018,18315.70,17413.80,18697.30,17413.80,4.06M,-2.04%
7/2/2018,19564.50,19078.90,19564.50,19078.90,2.57M,6.82%
8/2/2018,19425.70,19425.70,20258.30,19217.60,1.22M,-0.71%
9/2/2018,19772.60,18315.70,19772.60,18315.70,1.36M,1.79%
12/2/2018,20466.40,20362.30,20466.40,19842.00,1.20M,3.51%
13/02/2018,20535.80,20605.20,20917.40,20466.40,1.31M,0.34%
21/02/2018,21125.50,20813.30,21264.20,20709.20,1.79M,2.87%
22/02/2018,20466.40,20813.30,21056.10,20258.30,1.61M,-3.12%
23/02/2018,20778.60,20674.50,20813.30,20119.50,2.01M,1.53%
26/02/2018,21854.00,21090.80,22166.20,21090.80,5.05M,5.18%
27/02/2018,23380.60,22931.00,23380.60,22436.40,3.59M,6.99%
28/02/2018,24459.70,23020.90,24909.30,22751.10,1.65M,4.62%
1/3/2018,24010.10,23920.10,24639.50,23380.60,1.88M,-1.84%
2/3/2018,23830.20,23380.60,24055.00,23380.60,1.36M,-0.75%
5/3/2018,22166.60,24100.00,24189.90,22166.60,2.01M,-6.98%
6/3/2018,23695.30,22751.10,23695.30,22211.60,1.45M,6.90%
7/3/2018,24729.50,24189.90,25314.00,24100.00,3.77M,4.36%
8/3/2018,24684.50,24729.50,25089.20,24369.80,830.95K,-0.18%
9/3/2018,24729.50,25179.10,25448.90,24639.50,1.46M,0.18%
12/3/2018,24279.80,24999.20,24999.20,24189.90,948.24K,-1.82%
13/03/2018,24639.50,24549.60,24684.50,24189.90,850.47K,1.48%
14/03/2018,25493.80,25089.20,25718.60,25089.20,2.10M,3.47%
15/03/2018,26258.20,25493.80,26258.20,25358.90,1.91M,3.00%
16/03/2018,26213.20,26258.20,26528.00,25988.40,2.81M,-0.17%
19/03/2018,26528.00,26707.80,26887.70,26213.20,1.53M,1.20%
20/03/2018,26123.30,26078.30,26707.80,26078.30,1.36M,-1.53%
21/03/2018,25808.60,26213.20,26438.00,25718.60,1.49M,-1.20%
22/03/2018,24819.40,25898.50,25898.50,24100.00,5.62M,-3.83%
23/03/2018,24189.90,23650.40,24459.70,23650.40,2.29M,-2.54%
26/03/2018,25628.70,24189.90,25628.70,24100.00,1.48M,5.95%
27/03/2018,25179.10,25673.70,25673.70,24954.30,2.59M,-1.75%
28/03/2018,25763.60,24954.30,25763.60,24819.40,1.43M,2.32%
29/03/2018,26078.30,25628.70,26078.30,25403.90,1.29M,1.22%
30/03/2018,26123.30,26078.30,26528.00,25853.50,1.69M,0.17%
2/4/2018,26572.90,26168.30,26797.70,26168.30,2.14M,1.72%
3/4/2018,28146.60,26572.90,28371.40,26572.90,2.85M,5.92%
4/4/2018,27786.90,28596.30,28776.10,27472.20,2.65M,-1.28%
5/4/2018,28056.70,27786.90,28056.70,27337.30,2.15M,0.97%
6/4/2018,29270.70,28056.70,29450.50,27876.90,2.30M,4.33%
9/4/2018,30574.60,29675.40,30574.60,29225.70,2.42M,4.45%
10/4/2018,30259.90,30934.30,30934.30,30169.90,2.59M,-1.03%
11/4/2018,29495.50,30304.80,30664.50,29135.80,2.30M,-2.53%
12/4/2018,30125.00,29225.70,30125.00,28416.40,1.52M,2.13%
13/04/2018,29855.20,30529.60,30754.50,29405.60,1.21M,-0.90%
16/04/2018,29675.40,29495.50,30125.00,28776.10,942.97K,-0.60%
17/04/2018,29765.30,29675.40,30125.00,29315.70,1.31M,0.30%
18/04/2018,29045.90,29765.30,30259.90,29045.90,1.60M,-2.42%
19/04/2018,28416.40,28866.00,29045.90,27427.20,2.13M,-2.17%
20/04/2018,28416.40,28056.70,28686.20,27517.20,887.18K,0.00%
23/04/2018,26438.00,28326.50,28326.50,26438.00,2.46M,-6.96%
24/04/2018,24594.60,25403.90,26033.40,24594.60,2.45M,-6.97%
26/04/2018,22886.00,24279.80,24369.80,22886.00,2.33M,-6.95%
27/04/2018,24459.70,22031.70,24459.70,22031.70,1.81M,6.88%
2/5/2018,23560.40,24729.50,25089.20,23200.70,1.23M,-3.68%
3/5/2018,24369.80,23380.60,24414.70,22751.10,1.39M,3.44%
4/5/2018,24100.00,24729.50,24909.30,24010.10,1.01M,-1.11%
7/5/2018,25583.80,24369.80,25583.80,23470.50,1.10M,6.16%
8/5/2018,25448.90,25583.80,25808.60,24999.20,1.09M,-0.53%
9/5/2018,23677.70,25635.30,25635.30,23677.70,3.39M,-6.96%
10/5/2018,22046.40,22046.40,23304.80,22046.40,7.06M,-6.89%
11/5/2018,23584.50,20508.30,23584.50,20508.30,2.89M,6.98%
14/05/2018,21953.20,22372.60,23211.60,21953.20,2.43M,-6.92%
15/05/2018,20601.50,21533.70,21766.70,20601.50,3.45M,-6.16%
16/05/2018,21021.00,20508.30,21254.00,19576.10,1.67M,2.04%
17/05/2018,21347.20,21440.40,21626.90,21254.00,1.45M,1.55%
18/05/2018,20741.30,20974.30,21254.00,20182.00,1.26M,-2.84%
21/05/2018,20042.20,20974.30,20974.30,20042.20,862.49K,-3.37%
22/05/2018,18643.90,19576.10,19948.90,18643.90,2.49M,-6.98%
23/05/2018,19948.90,18643.90,19948.90,17711.70,2.05M,7.00%
24/05/2018,19110.00,19576.10,19948.90,18737.10,1.55M,-4.21%
25/05/2018,17898.10,18737.10,19063.40,17804.90,1.40M,-6.34%
28/05/2018,16686.30,16872.70,17804.90,16686.30,2.01M,-6.77%
29/05/2018,17851.50,16406.60,17851.50,16406.60,1.54M,6.98%
30/05/2018,17292.20,17711.70,17898.10,17152.40,759.82K,-3.13%
31/05/2018,17898.10,16686.30,18037.90,16686.30,2.78M,3.50%
1/6/2018,17804.90,17898.10,18364.20,17665.10,1.56M,-0.52%
4/6/2018,18317.60,17804.90,18550.60,17525.20,2.73M,2.88%
5/6/2018,19576.10,18457.40,19576.10,18317.60,3.84M,6.87%
6/6/2018,20927.70,20135.40,20927.70,20042.20,3.19M,6.90%
7/6/2018,19902.30,20927.70,20927.70,19902.30,2.39M,-4.90%
8/6/2018,20508.30,19622.70,20508.30,19576.10,1.51M,3.04%
11/6/2018,20508.30,20042.20,21067.60,19669.30,1.12M,0.00%
12/6/2018,19576.10,20088.80,20228.60,19389.60,2.31M,-4.55%
13/06/2018,19995.50,19576.10,19995.50,19576.10,715.88K,2.14%
14/06/2018,18830.30,19948.90,20461.60,18830.30,1.76M,-5.83%
15/06/2018,19110.00,18737.10,19110.00,18271.00,1.23M,1.49%
18/06/2018,18084.50,19296.40,19389.60,17898.10,1.13M,-5.37%
19/06/2018,17338.80,17618.50,18084.50,16826.10,3.47M,-4.12%
20/06/2018,17898.10,17711.70,18084.50,17292.20,5.60M,3.23%
21/06/2018,17711.70,17804.90,18177.80,17618.50,859.26K,-1.04%
22/06/2018,17618.50,17571.80,17758.30,17199.00,1.48M,-0.53%
25/06/2018,17898.10,18131.20,18131.20,17758.30,665.76K,1.59%
26/06/2018,17525.20,17525.20,17618.50,17152.40,848.50K,-2.08%
27/06/2018,16779.50,17618.50,17618.50,16779.50,1.09M,-4.26%
28/06/2018,15940.50,16406.60,16779.50,15847.30,1.67M,-5.00%
29/06/2018,16173.60,16266.80,16453.20,15660.80,1.12M,1.46%
2/7/2018,15381.20,15660.80,16126.90,15054.90,1.11M,-4.90%
3/7/2018,14355.80,15381.20,15521.00,14355.80,1.60M,-6.67%
4/7/2018,14961.70,14355.80,15148.10,13889.70,2.30M,4.22%
5/7/2018,14915.10,14775.30,15008.30,14449.00,1.55M,-0.31%
6/7/2018,15940.50,14635.40,15940.50,14635.40,1.75M,6.87%
9/7/2018,15707.50,16126.90,16406.60,15381.20,1.78M,-1.46%
10/7/2018,15847.30,15381.20,16266.80,15381.20,1.14M,0.89%
11/7/2018,14915.10,15288.00,15474.40,14821.90,939.85K,-5.88%
12/7/2018,15288.00,14588.80,15381.20,14588.80,734.80K,2.50%
13/07/2018,15521.00,15660.80,15707.50,15101.50,532.35K,1.52%
16/07/2018,15474.40,15847.30,15847.30,15474.40,690.47K,-0.30%
17/07/2018,16033.70,15194.70,16033.70,15054.90,945.17K,3.61%
18/07/2018,17152.40,16126.90,17152.40,16126.90,1.67M,6.98%
19/07/2018,17152.40,17338.80,17525.20,16965.90,1.57M,0.00%
20/07/2018,17711.70,16779.50,17711.70,16453.20,1.11M,3.26%
23/07/2018,16686.30,17245.60,17338.80,16593.00,1.51M,-5.79%
24/07/2018,16593.00,16499.80,16593.00,15754.10,1.12M,-0.56%
25/07/2018,16033.70,16406.60,16686.30,16033.70,665.40K,-3.37%
26/07/2018,16313.40,15940.50,16313.40,15660.80,602.74K,1.74%
27/07/2018,16406.60,16593.00,16779.50,16266.80,641.72K,0.57%
30/07/2018,16779.50,16593.00,16872.70,16406.60,687.91K,2.27%
31/07/2018,16872.70,16826.10,17105.70,16313.40,1.28M,0.56%
1/8/2018,16639.60,16919.30,17245.60,16499.80,480.51K,-1.38%
2/8/2018,17105.70,16546.40,17152.40,16313.40,851.59K,2.80%
3/8/2018,17152.40,17245.60,17618.50,17152.40,1.02M,0.27%
6/8/2018,16686.30,16872.70,17245.60,16686.30,396.67K,-2.72%
7/8/2018,16872.70,16686.30,17059.10,16453.20,516.70K,1.12%
8/8/2018,18037.90,16965.90,18037.90,16919.30,2.78M,6.91%
9/8/2018,18271.00,18271.00,18923.50,18177.80,1.21M,1.29%
10/8/2018,19110.00,18084.50,19110.00,17991.30,1.51M,4.59%
13/08/2018,19669.30,18690.50,19948.90,18457.40,2.19M,2.93%
14/08/2018,19529.40,19669.30,19809.10,19203.20,1.49M,-0.71%
15/08/2018,18643.90,19249.80,19715.90,18643.90,1.77M,-4.53%
16/08/2018,18923.50,18271.00,19296.40,17991.30,1.66M,1.50%
17/08/2018,18643.90,19389.60,19529.40,18364.20,1.36M,-1.48%
20/08/2018,18737.10,18550.60,19203.20,18550.60,619.74K,0.50%
21/08/2018,19389.60,18643.90,19389.60,18643.90,1.56M,3.48%
22/08/2018,20135.40,19762.50,20415.00,19622.70,2.63M,3.85%
23/08/2018,20182.00,20135.40,20321.80,19855.70,950.41K,0.23%
24/08/2018,19948.90,19948.90,20135.40,19809.10,969.60K,-1.15%
27/08/2018,20135.40,19855.70,20461.60,19855.70,1.34M,0.93%
28/08/2018,20787.90,20321.80,20974.30,20182.00,2.20M,3.24%
29/08/2018,20554.90,20834.50,20834.50,20368.40,929.14K,-1.12%
30/08/2018,20834.50,20415.00,20834.50,20415.00,991.66K,1.36%
31/08/2018,20694.70,20927.70,21160.80,20694.70,1.37M,-0.67%
4/9/2018,19762.50,20694.70,20694.70,19576.10,1.74M,-4.50%
5/9/2018,19995.50,19576.10,19995.50,19529.40,1.61M,1.18%
6/9/2018,20228.60,19902.30,20228.60,19576.10,1.22M,1.17%
7/9/2018,20787.90,20135.40,20787.90,19995.50,2.19M,2.76%
10/9/2018,20787.90,20787.90,20881.10,20601.50,1.70M,0.00%
11/9/2018,22093.00,20694.70,22093.00,20601.50,2.91M,6.28%
12/9/2018,21953.20,22326.00,22372.60,21859.90,2.15M,-0.63%
13/09/2018,21906.50,22046.40,22279.40,21207.40,2.25M,-0.21%
14/09/2018,21347.20,21626.90,22186.20,20974.30,4.42M,-2.55%
17/09/2018,20601.50,21254.00,21254.00,20601.50,2.18M,-3.49%
18/09/2018,21347.20,20461.60,21626.90,20461.60,2.14M,3.62%
19/09/2018,21254.00,21533.70,21766.70,21067.60,1.99M,-0.44%
20/09/2018,21440.40,21347.20,21626.90,21021.00,2.80M,0.88%
21/09/2018,21720.10,21720.10,21999.80,21254.00,2.58M,1.30%
24/09/2018,21533.70,21813.30,21906.50,21347.20,1.63M,-0.86%
25/09/2018,21533.70,21440.40,21720.10,21300.60,1.99M,0.00%
26/09/2018,21300.60,21440.40,21859.90,21254.00,2.50M,-1.08%
27/09/2018,21580.30,21347.20,21813.30,21300.60,2.95M,1.31%
28/09/2018,21347.20,21720.10,21813.30,21347.20,1.98M,-1.08%
1/10/2018,21021.00,21347.20,21487.10,20974.30,1.85M,-1.53%
2/10/2018,20881.10,20974.30,21626.90,20694.70,2.30M,-0.67%
3/10/2018,21067.60,20881.10,21254.00,20881.10,999.94K,0.89%
4/10/2018,21580.30,21347.20,21813.30,21067.60,1.50M,2.43%
5/10/2018,20974.30,21347.20,21673.50,20974.30,1.50M,-2.81%
8/10/2018,21160.80,20881.10,21393.80,20881.10,1.24M,0.89%
9/10/2018,21254.00,21254.00,21393.80,21067.60,837.77K,0.44%
10/10/2018,21067.60,21347.20,21347.20,20974.30,837.30K,-0.88%
11/10/2018,19622.70,19669.30,20135.40,19622.70,3.79M,-6.86%
12/10/2018,19436.20,18643.90,19809.10,18457.40,2.67M,-0.95%
15/10/2018,18550.60,19576.10,19576.10,18550.60,1.69M,-4.56%
16/10/2018,18550.60,18550.60,18737.10,18224.40,1.25M,0.00%
17/10/2018,19249.80,19016.70,19249.80,18923.50,1.29M,3.77%
18/10/2018,18783.70,19063.40,19203.20,18737.10,665.13K,-2.42%
19/10/2018,18504.00,18364.20,18690.50,18037.90,1.01M,-1.49%
22/10/2018,17245.60,18224.40,18457.40,17245.60,2.96M,-6.80%
23/10/2018,16313.40,17152.40,17152.40,16080.30,2.82M,-5.41%
24/10/2018,16313.40,16313.40,16732.90,16220.20,1.21M,0.00%
25/10/2018,16220.20,15381.20,16313.40,15381.20,1.53M,-0.57%
26/10/2018,15940.50,16593.00,16593.00,15940.50,710.41K,-1.72%
29/10/2018,15940.50,15940.50,16453.20,15800.70,1.02M,0.00%
30/10/2018,15940.50,15800.70,16173.60,15660.80,876.84K,0.00%
31/10/2018,17012.50,16313.40,17012.50,16220.20,1.67M,6.73%
1/11/2018,16406.60,17105.70,17245.60,16360.00,1.62M,-3.56%
2/11/2018,16965.90,16779.50,17199.00,16593.00,1.04M,3.41%
5/11/2018,16965.90,16965.90,16965.90,16593.00,837.68K,0.00%
6/11/2018,16779.50,17245.60,17385.40,16779.50,1.39M,-1.10%
7/11/2018,16779.50,16779.50,16965.90,16593.00,1.10M,0.00%
8/11/2018,16872.70,17245.60,17292.20,16872.70,706.44K,0.56%
9/11/2018,16686.30,16779.50,16965.90,16639.60,921.51K,-1.10%
12/11/2018,16965.90,16499.80,16965.90,16360.00,647.81K,1.68%
13/11/2018,16965.90,16406.60,16965.90,16406.60,825.30K,0.00%
14/11/2018,16919.30,16919.30,17105.70,16779.50,1.36M,-0.27%
15/11/2018,17199.00,16965.90,17432.00,16965.90,1.40M,1.65%
16/11/2018,17618.50,17525.20,17711.70,17385.40,732.39K,2.44%
19/11/2018,17618.50,17618.50,17711.70,17432.00,557.67K,0.00%
20/11/2018,17711.70,17432.00,17851.50,17338.80,792.02K,0.53%
21/11/2018,17618.50,17432.00,17711.70,17432.00,983.09K,-0.53%
22/11/2018,17385.40,17618.50,17898.10,17245.60,1.27M,-1.32%
23/11/2018,17338.80,17338.80,17432.00,17059.10,732.79K,-0.27%
26/11/2018,17478.60,17338.80,17478.60,17152.40,406.73K,0.81%
27/11/2018,17525.20,17618.50,17804.90,17338.80,799.53K,0.27%
28/11/2018,17711.70,17525.20,17851.50,17525.20,1.05M,1.06%
29/11/2018,17618.50,17898.10,18131.20,17618.50,1.16M,-0.53%
30/11/2018,17711.70,17804.90,17898.10,17525.20,552.41K,0.53%
3/12/2018,18550.60,18084.50,18597.30,17991.30,1.43M,4.74%
4/12/2018,18457.40,18597.30,18690.50,18271.00,1.65M,-0.50%
5/12/2018,18410.80,18131.20,18457.40,18131.20,1.35M,-0.25%
6/12/2018,18271.00,18364.20,18550.60,18131.20,1.53M,-0.76%
7/12/2018,18457.40,18271.00,18550.60,18271.00,1.26M,1.02%
10/12/2018,18177.80,18271.00,18364.20,18177.80,374.22K,-1.51%
11/12/2018,18084.50,18224.40,18364.20,17898.10,437.03K,-0.51%
12/12/2018,18364.20,18084.50,18364.20,18084.50,324.79K,1.55%
13/12/2018,18364.20,18504.00,18597.30,18364.20,456.69K,0.00%
14/12/2018,17944.70,18177.80,18364.20,17944.70,322.26K,-2.28%
17/12/2018,16779.50,17898.10,17898.10,16779.50,1.06M,-6.49%
18/12/2018,16453.20,16313.40,16732.90,16266.80,982.35K,-1.94%
19/12/2018,16499.80,16639.60,16686.30,16360.00,223.52K,0.28%
20/12/2018,16686.30,16313.40,16686.30,16313.40,226.53K,1.13%
21/12/2018,16686.30,16499.80,16686.30,16313.40,153.19K,0.00%
24/12/2018,16266.80,16686.30,16779.50,16220.20,202.53K,-2.51%
25/12/2018,15614.20,15707.50,15847.30,15194.70,973.37K,-4.01%
26/12/2018,15194.70,15614.20,15847.30,15194.70,356.84K,-2.69%
27/12/2018,15241.40,15754.10,15754.10,15241.40,577.38K,0.31%
28/12/2018,15288.00,15241.40,15474.40,14915.10,938.55K,0.31%
2/1/2019,15381.20,15194.70,15521.00,15148.10,363.61K,0.61%
3/1/2019,15148.10,15334.60,15381.20,15054.90,586.90K,-1.52%
4/1/2019,15194.70,15008.30,15288.00,14821.90,695.28K,0.31%
7/1/2019,15521.00,15474.40,15660.80,15427.80,649.32K,2.15%
8/1/2019,15660.80,15614.20,15754.10,15521.00,308.99K,0.90%
9/1/2019,15288.00,15660.80,15707.50,15241.40,767.57K,-2.38%
10/1/2019,14961.70,15241.40,15288.00,14961.70,943.56K,-2.13%
11/1/2019,15288.00,14961.70,15427.80,14961.70,225.49K,2.18%
14/01/2019,14915.10,15381.20,15474.40,14775.30,535.42K,-2.44%
15/01/2019,14868.50,14915.10,15008.30,14775.30,613.51K,-0.31%
16/01/2019,14682.00,14915.10,15101.50,14682.00,546.03K,-1.25%
17/01/2019,14542.20,14682.00,14821.90,14542.20,288.75K,-0.95%
18/01/2019,14542.20,14728.70,14728.70,14542.20,275.56K,0.00%
21/01/2019,15054.90,14355.80,15194.70,14029.50,1.77M,3.53%
22/01/2019,15054.90,15054.90,15288.00,14775.30,643.46K,0.00%
23/01/2019,15008.30,14728.70,15101.50,14728.70,467.70K,-0.31%
24/01/2019,14961.70,14961.70,15101.50,14868.50,513.45K,-0.31%
25/01/2019,15101.50,14961.70,15241.40,14821.90,763.25K,0.93%
28/01/2019,15008.30,15101.50,15288.00,15008.30,323.81K,-0.62%
29/01/2019,15101.50,15008.30,15101.50,14821.90,337.17K,0.62%
30/01/2019,15008.30,15148.10,15194.70,15008.30,336.20K,-0.62%
31/01/2019,15008.30,15008.30,15148.10,14961.70,465.14K,0.00%
1/2/2019,14915.10,14961.70,15008.30,14915.10,298.42K,-0.62%
11/2/2019,15660.80,15148.10,15660.80,14915.10,832.89K,5.00%
12/2/2019,16033.70,15847.30,16266.80,15614.20,1.55M,2.38%
13/02/2019,16080.30,16033.70,16220.20,15847.30,920.69K,0.29%
14/02/2019,16080.30,15940.50,16266.80,15800.70,802.75K,0.00%
15/02/2019,15893.90,16080.30,16080.30,15893.90,589.35K,-1.16%
18/02/2019,16033.70,16126.90,16126.90,15940.50,634.44K,0.88%
19/02/2019,16033.70,16080.30,16499.80,15940.50,1.93M,0.00%
20/02/2019,16173.60,16033.70,16360.00,16033.70,592.45K,0.87%
21/02/2019,16220.20,16173.60,16313.40,16033.70,678.36K,0.29%
22/02/2019,16220.20,16033.70,16406.60,15987.10,998.16K,0.00%
25/02/2019,16686.30,16406.60,16965.90,16406.60,1.72M,2.87%
26/02/2019,16639.60,16779.50,17012.50,16499.80,1.64M,-0.28%
27/02/2019,16406.60,16826.10,16826.10,16313.40,657.25K,-1.40%
28/02/2019,16266.80,16406.60,16499.80,15847.30,1.33M,-0.85%
1/3/2019,16313.40,16266.80,16313.40,16033.70,681.68K,0.29%
4/3/2019,16593.00,16313.40,16826.10,16313.40,907.22K,1.71%
5/3/2019,16406.60,16593.00,16779.50,16406.60,1.19M,-1.12%
6/3/2019,16499.80,16406.60,16593.00,16360.00,794.13K,0.57%
7/3/2019,16919.30,16499.80,17012.50,16499.80,2.37M,2.54%
8/3/2019,16546.40,16686.30,16779.50,16360.00,812.85K,-2.20%
11/3/2019,16546.40,16546.40,16593.00,16313.40,415.96K,0.00%
12/3/2019,16499.80,16779.50,16779.50,16173.60,1.67M,-0.28%
13/03/2019,17152.40,16593.00,17199.00,16593.00,2.58M,3.96%
14/03/2019,17012.50,17245.60,17245.60,17012.50,656.68K,-0.82%
15/03/2019,16732.90,17012.50,17012.50,16686.30,810.62K,-1.64%
18/03/2019,16826.10,16872.70,16872.70,16639.60,756.03K,0.56%
19/03/2019,16126.90,16965.90,16965.90,16126.90,1.66M,-4.16%
20/03/2019,16173.60,16080.30,16173.60,15800.70,1.59M,0.29%
21/03/2019,15381.20,16033.70,16220.20,15381.20,963.83K,-4.90%
22/03/2019,15567.60,15381.20,15707.50,15381.20,833.02K,1.21%
25/03/2019,15427.80,15008.30,15427.80,14961.70,1.53M,-0.90%
26/03/2019,15567.60,15474.40,15660.80,15288.00,627.35K,0.91%
27/03/2019,15707.50,15660.80,15754.10,15288.00,429.02K,0.90%
28/03/2019,15754.10,15567.60,15754.10,15474.40,399.41K,0.30%
29/03/2019,15660.80,15660.80,15800.70,15614.20,719.42K,-0.59%
1/4/2019,15614.20,15754.10,15800.70,15614.20,391.25K,-0.30%
2/4/2019,15660.80,15847.30,15847.30,15567.60,452.14K,0.30%
3/4/2019,15660.80,15567.60,15707.50,15427.80,271.20K,0.00%
4/4/2019,15707.50,15614.20,15754.10,15567.60,484.68K,0.30%
5/4/2019,15660.80,15754.10,15754.10,15614.20,294.38K,-0.30%
8/4/2019,15707.50,15707.50,15800.70,15614.20,354.31K,0.30%
9/4/2019,15847.30,15847.30,16266.80,15847.30,1.53M,0.89%
10/4/2019,15660.80,15847.30,15940.50,15660.80,357.60K,-1.18%
11/4/2019,15660.80,15660.80,15800.70,15567.60,302.71K,0.00%
12/4/2019,15614.20,15660.80,15660.80,15334.60,558.25K,-0.30%
16/04/2019,15194.70,15427.80,15474.40,14915.10,563.53K,-2.69%
17/04/2019,15008.30,15194.70,15381.20,15008.30,433.71K,-1.23%
18/04/2019,15008.30,15008.30,15008.30,14682.00,736.29K,0.00%
19/04/2019,14868.50,15101.50,15101.50,14868.50,276.67K,-0.93%
22/04/2019,14449.00,14868.50,14868.50,14402.40,896.15K,-2.82%
23/04/2019,14728.70,14355.80,14728.70,14355.80,427.76K,1.94%
24/04/2019,14821.90,14728.70,14868.50,14682.00,239.95K,0.63%
25/04/2019,14868.50,14915.10,14915.10,14635.40,318.07K,0.31%
26/04/2019,14868.50,14868.50,14915.10,14682.00,306.44K,0.00%
2/5/2019,14635.40,14682.00,14868.50,14449.00,445.87K,-1.57%
3/5/2019,14588.80,14635.40,14728.70,14542.20,100.70K,-0.32%
6/5/2019,14588.80,14449.00,14635.40,14262.60,610.82K,0.00%
7/5/2019,14728.70,14635.40,14728.70,14402.40,512.41K,0.96%
8/5/2019,14775.30,14542.20,14775.30,14542.20,730.38K,0.32%
9/5/2019,15148.10,14775.30,15148.10,14728.70,814.92K,2.52%
10/5/2019,15334.60,15241.40,15334.60,15101.50,510.97K,1.23%
13/05/2019,15381.20,15334.60,15474.40,15194.70,646.56K,0.30%
14/05/2019,15334.60,15334.60,15381.20,15194.70,763.61K,-0.30%
15/05/2019,9491.80,9491.80,9549.30,9405.50,1.17M,-38.10%
16/05/2019,9434.20,9491.80,9520.50,9376.70,311.18K,-0.61%
17/05/2019,9606.80,9405.50,9635.60,9376.70,1.20M,1.83%
20/05/2019,9578.00,9606.80,9664.30,9463.00,701.01K,-0.30%
21/05/2019,9549.30,9693.10,9693.10,9491.80,230.74K,-0.30%
22/05/2019,9606.80,9578.00,9693.10,9463.00,1.12M,0.60%
23/05/2019,9520.50,9606.80,9606.80,9463.00,283.45K,-0.90%
24/05/2019,9405.50,9434.20,9549.30,9405.50,787.85K,-1.21%
27/05/2019,9405.50,9405.50,9405.50,9319.20,233.31K,0.00%
28/05/2019,9319.20,9376.70,9376.70,9290.40,644.58K,-0.92%
29/05/2019,9290.40,9319.20,9319.20,9175.40,346.62K,-0.31%
30/05/2019,9290.40,9232.90,9290.40,9232.90,179.67K,0.00%
31/05/2019,9204.10,9261.70,9290.40,8916.50,585.12K,-0.93%
3/6/2019,8916.50,9089.10,9520.50,8916.50,2.05M,-3.12%
4/6/2019,9002.80,9089.10,9089.10,8916.50,271.45K,0.97%
5/6/2019,9031.60,9204.10,9204.10,9031.60,80.75K,0.32%
6/6/2019,9060.30,9031.60,9089.10,8916.50,293.94K,0.32%
7/6/2019,9146.60,9002.80,9175.40,9002.80,217.68K,0.95%
10/6/2019,9117.80,9204.10,9261.70,9117.80,120.23K,-0.31%
11/6/2019,9175.40,9204.10,9204.10,9060.30,283.33K,0.63%
12/6/2019,9204.10,9175.40,9204.10,9089.10,214.25K,0.31%
13/06/2019,9263.50,9263.50,9322.90,9174.40,343.63K,0.65%
14/06/2019,9263.50,9204.10,9322.90,8847.80,628.46K,0.00%
17/06/2019,9026.00,9115.10,9293.20,9026.00,942.52K,-2.56%
18/06/2019,9174.40,9085.40,9174.40,8877.50,363.42K,1.64%
19/06/2019,9144.80,9174.40,9174.40,8966.60,201.42K,-0.32%
20/06/2019,9233.80,9144.80,9263.50,9115.10,252.74K,0.97%
21/06/2019,9263.50,9233.80,9263.50,9144.80,295.30K,0.32%
24/06/2019,9233.80,9263.50,9293.20,9144.80,343.47K,-0.32%
25/06/2019,9204.10,9233.80,9233.80,9144.80,129.79K,-0.32%
26/06/2019,9174.40,9174.40,9174.40,9055.70,155.42K,-0.32%
27/06/2019,9115.10,9174.40,9174.40,8966.60,322.70K,-0.65%
28/06/2019,9144.80,9115.10,9144.80,8966.60,340.54K,0.33%
1/7/2019,9174.40,9263.50,9263.50,9115.10,234.19K,0.32%
2/7/2019,9026.00,9174.40,9204.10,9026.00,514.52K,-1.62%
3/7/2019,8966.60,9026.00,9026.00,8847.80,698.25K,-0.66%
4/7/2019,9055.70,8966.60,9085.40,8877.50,941.08K,0.99%
5/7/2019,9085.40,9085.40,9085.40,8907.20,1.41M,0.33%
8/7/2019,9026.00,9026.00,9055.70,8907.20,295.57K,-0.65%
9/7/2019,8996.30,8966.60,8996.30,8847.80,454.15K,-0.33%
10/7/2019,8966.60,8936.90,9026.00,8936.90,518.45K,-0.33%
11/7/2019,8996.30,8936.90,9026.00,8936.90,632.82K,0.33%
12/7/2019,8877.50,9026.00,9055.70,8877.50,651.78K,-1.32%
15/07/2019,8877.50,8877.50,8936.90,8818.20,399.16K,0.00%
16/07/2019,8966.60,8907.20,8996.30,8877.50,395.21K,1.00%
17/07/2019,9115.10,8966.60,9174.40,8966.60,1.04M,1.66%
18/07/2019,9055.70,9085.40,9115.10,8996.30,297.81K,-0.65%
19/07/2019,9085.40,9055.70,9115.10,9026.00,488.49K,0.33%
22/07/2019,8907.20,8936.90,9026.00,8877.50,532.59K,-1.96%
23/07/2019,8907.20,8907.20,9026.00,8788.50,646.78K,0.00%
24/07/2019,8877.50,8907.20,8907.20,8669.70,1.14M,-0.33%
25/07/2019,8847.80,8818.20,8847.80,8669.70,482.10K,-0.33%
26/07/2019,8847.80,8847.80,8847.80,8669.70,478.23K,0.00%
29/07/2019,8818.20,8847.80,8847.80,8669.70,322.18K,-0.34%
30/07/2019,8788.50,8818.20,8818.20,8699.40,367.41K,-0.34%
31/07/2019,8788.50,8788.50,8788.50,8640.00,576.10K,0.00%
1/8/2019,8758.80,8788.50,8818.20,8699.40,143.59K,-0.34%
2/8/2019,8788.50,8669.70,8788.50,8580.60,633.39K,0.34%
5/8/2019,8758.80,8788.50,8788.50,8669.70,417.47K,-0.34%
6/8/2019,8729.10,8640.00,8729.10,8491.60,641.46K,-0.34%
7/8/2019,8699.40,8758.80,8758.80,8550.90,535.83K,-0.34%
8/8/2019,8669.70,8550.90,8669.70,8550.90,689.89K,-0.34%
9/8/2019,8669.70,8729.10,8729.10,8610.30,375.96K,0.00%
12/8/2019,8669.70,8699.40,8699.40,8640.00,229.04K,0.00%
13/08/2019,8610.30,8610.30,8669.70,8521.30,347.47K,-0.68%
14/08/2019,8610.30,8610.30,8699.40,8580.60,196.64K,0.00%
15/08/2019,8699.40,8550.90,8699.40,8402.50,593.94K,1.03%
16/08/2019,8729.10,8699.40,9115.10,8550.90,1.61M,0.34%
19/08/2019,8729.10,8729.10,8907.20,8729.10,185.82K,0.00%
20/08/2019,8699.40,8847.80,8847.80,8699.40,186.62K,-0.34%
21/08/2019,8640.00,8669.70,8699.40,8610.30,417.36K,-0.68%
22/08/2019,8669.70,8699.40,8699.40,8580.60,302.24K,0.34%
23/08/2019,8550.90,8669.70,8669.70,8550.90,152.73K,-1.37%
26/08/2019,8491.60,8521.30,8550.90,8402.50,430.03K,-0.69%
27/08/2019,8283.70,8550.90,8550.90,8283.70,781.97K,-2.45%
28/08/2019,8343.10,8283.70,8372.80,8254.00,192.68K,0.72%
29/08/2019,8313.40,8343.10,8402.50,8075.90,560.29K,-0.36%
30/08/2019,8313.40,8343.10,8343.10,8194.70,498.33K,0.00%
3/9/2019,8254.00,8313.40,8313.40,8135.30,429.96K,-0.71%
4/9/2019,8194.70,8224.30,8224.30,8046.20,719.48K,-0.72%
5/9/2019,8165.00,8194.70,8194.70,8046.20,456.90K,-0.36%
6/9/2019,8165.00,7719.60,8165.00,7719.60,1.91M,0.00%
9/9/2019,8194.70,8165.00,8194.70,7986.80,622.91K,0.36%
10/9/2019,8165.00,8165.00,8165.00,7986.80,655.30K,-0.36%
11/9/2019,8313.40,8165.00,8343.10,8016.50,995.90K,1.82%
12/9/2019,8313.40,8313.40,8313.40,8224.30,303.64K,0.00%
13/09/2019,8343.10,8313.40,8372.80,8254.00,474.27K,0.36%
16/09/2019,8372.80,8372.80,8491.60,8343.10,801.10K,0.36%
17/09/2019,8254.00,8372.80,8432.20,8254.00,476.04K,-1.42%
18/09/2019,8313.40,8283.70,8402.50,8254.00,358.45K,0.72%
19/09/2019,8313.40,8313.40,8343.10,8194.70,586.91K,0.00%
20/09/2019,8283.70,8313.40,8372.80,8254.00,328.63K,-0.36%
23/09/2019,8283.70,8283.70,8372.80,8254.00,407.40K,0.00%
24/09/2019,8283.70,8283.70,8313.40,8224.30,324.75K,0.00%
25/09/2019,8283.70,8283.70,8283.70,8224.30,131.21K,0.00%
26/09/2019,8461.90,8283.70,8580.60,8283.70,1.21M,2.15%
27/09/2019,8640.00,8550.90,8729.10,8550.90,801.41K,2.11%
30/09/2019,8580.60,8699.40,8758.80,8580.60,594.66K,-0.69%
1/10/2019,8402.50,8550.90,8550.90,8343.10,1.21M,-2.08%
2/10/2019,8372.80,8432.20,8432.20,8343.10,858.01K,-0.35%
3/10/2019,8372.80,8343.10,8372.80,8224.30,879.23K,0.00%
4/10/2019,8372.80,8372.80,8432.20,8283.70,632.42K,0.00%
7/10/2019,8313.40,8372.80,8372.80,8194.70,493.51K,-0.71%
8/10/2019,8313.40,8313.40,8313.40,8165.00,668.30K,0.00%
9/10/2019,8283.70,8313.40,8313.40,8224.30,222.63K,-0.36%
10/10/2019,8283.70,8224.30,8283.70,8165.00,579.48K,0.00%
11/10/2019,8254.00,8283.70,8283.70,8135.30,602.64K,-0.36%
14/10/2019,8016.50,8254.00,8283.70,7897.70,2.98M,-2.88%
15/10/2019,8194.70,8075.90,8194.70,8016.50,365.05K,2.22%
16/10/2019,8194.70,8194.70,8194.70,8016.50,444.18K,0.00%
17/10/2019,8135.30,8135.30,8135.30,8016.50,568.11K,-0.72%
18/10/2019,8075.90,8135.30,8135.30,8016.50,415.06K,-0.73%
21/10/2019,8165.00,8075.90,8165.00,7897.70,690.96K,1.10%
22/10/2019,8165.00,8046.20,8165.00,8016.50,395.87K,0.00%
23/10/2019,8165.00,8165.00,8165.00,8075.90,204.40K,0.00%
24/10/2019,8165.00,8165.00,8165.00,8016.50,470.96K,0.00%
25/10/2019,8016.50,8165.00,8165.00,8016.50,569.58K,-1.82%
28/10/2019,8075.90,8016.50,8075.90,7986.80,359.21K,0.74%
29/10/2019,8075.90,8075.90,8075.90,7957.10,755.37K,0.00%
30/10/2019,8075.90,8016.50,8105.60,7986.80,627.43K,0.00%
31/10/2019,8075.90,8075.90,8075.90,7986.80,460.26K,0.00%
1/11/2019,8135.30,7986.80,8135.30,7986.80,504.87K,0.74%
4/11/2019,8165.00,8165.00,8194.70,8105.60,502.49K,0.36%
5/11/2019,8194.70,8165.00,8224.30,8135.30,184.69K,0.36%
6/11/2019,8194.70,8194.70,8254.00,8075.90,625.83K,0.00%
7/11/2019,8372.80,8194.70,8372.80,8135.30,956.91K,2.17%
8/11/2019,8432.20,8402.50,8521.30,8372.80,1.22M,0.71%
11/11/2019,8432.20,8432.20,8461.90,8313.40,888.17K,0.00%
12/11/2019,8402.50,8432.20,8432.20,8313.40,833.47K,-0.35%
13/11/2019,8372.80,8402.50,8402.50,8313.40,500.86K,-0.35%
14/11/2019,8372.80,8402.50,8402.50,8254.00,522.43K,0.00%
15/11/2019,8432.20,8313.40,8432.20,8254.00,810.00K,0.71%
18/11/2019,8313.40,8343.10,8402.50,8313.40,472.27K,-1.41%
19/11/2019,8343.10,8283.70,8343.10,8254.00,421.33K,0.36%
20/11/2019,8313.40,8313.40,8372.80,8313.40,305.75K,-0.36%
21/11/2019,8313.40,8283.70,8313.40,8254.00,279.90K,0.00%
22/11/2019,8313.40,8313.40,8313.40,8016.50,443.62K,0.00%
25/11/2019,8283.70,8313.40,8313.40,8194.70,183.28K,-0.36%
26/11/2019,8313.40,8283.70,8313.40,8254.00,265.73K,0.36%
27/11/2019,8283.70,8313.40,8313.40,8254.00,384.12K,-0.36%
28/11/2019,8254.00,8283.70,8283.70,8165.00,167.70K,-0.36%
29/11/2019,8224.30,8194.70,8224.30,8075.90,409.00K,-0.36%
2/12/2019,8224.30,8224.30,8224.30,8075.90,297.81K,0.00%
3/12/2019,8194.70,8224.30,8224.30,8105.60,203.70K,-0.36%
4/12/2019,8224.30,8135.30,8224.30,8105.60,193.06K,0.36%
5/12/2019,8224.30,8224.30,8224.30,8105.60,210.60K,0.00%
6/12/2019,8224.30,8135.30,8254.00,8105.60,146.74K,0.00%
9/12/2019,8224.30,8224.30,8224.30,8165.00,182.13K,0.00%
10/12/2019,8254.00,8224.30,8283.70,8194.70,549.68K,0.36%
11/12/2019,8254.00,8194.70,8254.00,8165.00,107.55K,0.00%
12/12/2019,8580.60,8194.70,8580.60,8135.30,326.33K,3.96%
13/12/2019,8521.30,8550.90,8550.90,8343.10,329.97K,-0.69%
16/12/2019,8521.30,8521.30,8550.90,8491.60,266.61K,0.00%
17/12/2019,8580.60,8550.90,8580.60,8432.20,566.19K,0.70%
18/12/2019,8610.30,8610.30,8610.30,8461.90,250.42K,0.35%
19/12/2019,8640.00,8491.60,8640.00,8491.60,256.91K,0.34%
20/12/2019,8610.30,8640.00,8640.00,8313.40,667.54K,-0.34%
23/12/2019,8610.30,8610.30,8610.30,8491.60,148.85K,0.00%
24/12/2019,8550.90,8610.30,8610.30,8432.20,303.50K,-0.69%
25/12/2019,8580.60,8343.10,8580.60,8343.10,244.17K,0.35%
26/12/2019,8550.90,8550.90,8550.90,8402.50,298.34K,-0.35%
27/12/2019,8550.90,8491.60,8610.30,8432.20,204.98K,0.00%
30/12/2019,8521.30,8402.50,8580.60,8402.50,305.34K,-0.35%
31/12/2019,8550.90,8550.90,8550.90,8372.80,173.71K,0.35%
2/1/2020,8580.60,8343.10,8580.60,8343.10,93.60K,0.35%
3/1/2020,8550.90,8580.60,8580.60,8402.50,261.94K,-0.35%
6/1/2020,8491.60,8432.20,8550.90,8372.80,238.28K,-0.69%
7/1/2020,8491.60,8491.60,8491.60,8372.80,108.74K,0.00%
8/1/2020,8372.80,8372.80,8402.50,8194.70,373.69K,-1.40%
9/1/2020,8461.90,8372.80,8461.90,8372.80,148.08K,1.06%
10/1/2020,8491.60,8461.90,8491.60,8432.20,143.50K,0.35%
13/01/2020,8491.60,8491.60,8521.30,8432.20,174.75K,0.00%
14/01/2020,8461.90,8343.10,8521.30,8343.10,185.55K,-0.35%
15/01/2020,8432.20,8461.90,8521.30,8402.50,175.61K,-0.35%
16/01/2020,8550.90,8521.30,8550.90,8372.80,204.71K,1.41%
17/01/2020,8580.60,8580.60,8580.60,8313.40,317.32K,0.35%
20/01/2020,8580.60,8491.60,8640.00,8491.60,84.25K,0.00%
21/01/2020,8610.30,8610.30,8610.30,8550.90,242.78K,0.35%
22/01/2020,8966.60,8669.70,8966.60,8610.30,704.65K,4.14%
30/01/2020,8877.50,8907.20,8907.20,8610.30,347.47K,-0.99%
31/01/2020,8729.10,8610.30,8847.80,8491.60,434.48K,-1.67%
3/2/2020,8313.40,8640.00,8640.00,8135.30,1.36M,-4.76%
4/2/2020,8313.40,8313.40,8313.40,7927.40,986.76K,0.00%
5/2/2020,8372.80,8254.00,8372.80,8135.30,167.02K,0.71%
6/2/2020,8372.80,7927.40,8432.20,7927.40,336.00K,0.00%
7/2/2020,8343.10,8313.40,8432.20,8194.70,253.31K,-0.35%
10/2/2020,8224.30,8224.30,8313.40,8194.70,50.55K,-1.42%
11/2/2020,8402.50,8165.00,8402.50,8135.30,276.96K,2.17%
12/2/2020,3445.30,3373.00,3445.30,3361.00,1.24M,-59.00%
13/02/2020,3409.20,3433.30,3433.30,3373.00,256.10K,-1.05%
14/02/2020,3421.20,3409.20,3421.20,3348.90,543.10K,0.35%
17/02/2020,3445.30,3421.20,3457.40,3373.00,910.00K,0.70%
18/02/2020,3421.20,3445.30,3445.30,3324.90,2.38M,-0.70%
19/02/2020,3421.20,3348.90,3421.20,3336.90,1.02M,0.00%
20/02/2020,3397.10,3373.00,3409.20,3336.90,801.10K,-0.70%
21/02/2020,3385.10,3348.90,3385.10,3324.90,1.29M,-0.35%
24/02/2020,3264.60,3300.80,3324.90,3180.30,2.22M,-3.56%
25/02/2020,3300.80,3192.30,3300.80,3180.30,1.86M,1.11%
26/02/2020,3288.70,3228.50,3288.70,3192.30,1.20M,-0.37%
27/02/2020,3300.80,3228.50,3300.80,3204.40,854.10K,0.37%
28/02/2020,3252.60,3228.50,3252.60,3156.20,1.12M,-1.46%
2/3/2020,3252.60,3204.40,3252.60,3192.30,838.90K,0.00%
3/3/2020,3324.90,3252.60,3324.90,3204.40,2.05M,2.22%
4/3/2020,3312.80,3264.60,3312.80,3228.50,1.35M,-0.36%
5/3/2020,3312.80,3312.80,3312.80,3252.60,654.40K,0.00%
6/3/2020,3312.80,3264.60,3312.80,3264.60,935.30K,0.00%
9/3/2020,3252.60,3240.50,3252.60,3083.90,4.92M,-1.82%
10/3/2020,3252.60,3108.00,3252.60,3096.00,2.31M,0.00%
11/3/2020,3469.40,3228.50,3469.40,3108.00,1.53M,6.67%
12/3/2020,3228.50,3457.40,3457.40,3228.50,764.90K,-6.94%
13/03/2020,3204.40,3011.60,3204.40,3011.60,2.62M,-0.75%
16/03/2020,3180.30,3108.00,3180.30,3011.60,2.59M,-0.75%
17/03/2020,3180.30,3011.60,3192.30,2999.60,1.38M,0.00%
18/03/2020,3132.10,3096.00,3180.30,3083.90,1.18M,-1.52%
19/03/2020,3120.10,3059.80,3120.10,2999.60,1.63M,-0.38%
20/03/2020,3059.80,3047.80,3120.10,3023.70,730.40K,-1.93%
23/03/2020,2855.00,2867.10,2891.20,2855.00,647.50K,-6.69%
24/03/2020,2770.70,2662.30,2843.00,2662.30,1.50M,-2.95%
25/03/2020,2818.90,2770.70,2855.00,2710.50,1.63M,1.74%
26/03/2020,2770.70,2746.60,2770.70,2626.10,2.39M,-1.71%
27/03/2020,2758.70,2650.20,2770.70,2578.00,1.50M,-0.43%
30/03/2020,2734.60,2590.00,2746.60,2565.90,1.33M,-0.87%
31/03/2020,2734.60,2602.10,2734.60,2578.00,1.44M,0.00%
1/4/2020,2674.30,2614.10,2746.60,2614.10,1.05M,-2.20%
3/4/2020,2686.40,2674.30,2746.60,2650.20,1.90M,0.45%
6/4/2020,2746.60,2686.40,2770.70,2674.30,4.57M,2.24%
7/4/2020,2722.50,2746.60,2746.60,2638.20,3.04M,-0.88%
8/4/2020,2650.20,2650.20,2698.40,2602.10,3.00M,-2.65%
9/4/2020,2770.70,2650.20,2830.90,2626.10,6.17M,4.55%
10/4/2020,2770.70,2794.80,2806.90,2698.40,4.02M,0.00%
13/04/2020,2734.60,2770.70,2818.90,2734.60,2.92M,-1.30%
14/04/2020,2710.50,2746.60,2746.60,2674.30,3.20M,-0.88%
15/04/2020,2734.60,2710.50,2782.80,2710.50,2.81M,0.89%
16/04/2020,2818.90,2746.60,2843.00,2698.40,4.28M,3.08%
17/04/2020,2951.40,2879.10,2951.40,2867.10,6.16M,4.70%
20/04/2020,2843.00,2963.40,2975.50,2843.00,4.15M,-3.67%
21/04/2020,2650.20,2698.40,2770.70,2650.20,6.97M,-6.78%
22/04/2020,2686.40,2529.80,2758.70,2517.70,6.91M,1.36%
23/04/2020,2674.30,2698.40,2734.60,2638.20,3.49M,-0.45%
24/04/2020,2626.10,2686.40,2686.40,2590.00,2.15M,-1.80%
27/04/2020,2638.20,2650.20,2686.40,2626.10,2.57M,0.46%
28/04/2020,2614.10,2650.20,2650.20,2578.00,3.62M,-0.91%
29/04/2020,2638.20,2614.10,2650.20,2602.10,1.34M,0.92%
4/5/2020,2590.00,2626.10,2626.10,2590.00,1.82M,-1.83%
5/5/2020,2578.00,2590.00,2602.10,2565.90,1.02M,-0.47%
6/5/2020,2626.10,2578.00,2626.10,2565.90,1.65M,1.87%
7/5/2020,2650.20,2626.10,2662.30,2602.10,3.06M,0.92%
8/5/2020,2686.40,2674.30,2746.60,2674.30,4.33M,1.36%
11/5/2020,2843.00,2746.60,2843.00,2746.60,6.66M,5.83%
12/5/2020,2951.40,2867.10,2987.60,2843.00,8.72M,3.81%
13/05/2020,2903.20,2891.20,2951.40,2843.00,3.93M,-1.63%
14/05/2020,2951.40,2843.00,2987.60,2818.90,6.04M,1.66%
15/05/2020,2879.10,2963.40,2963.40,2867.10,3.93M,-2.45%
18/05/2020,2891.20,2867.10,2903.20,2843.00,2.42M,0.42%
19/05/2020,2939.40,2975.50,2987.60,2915.30,3.71M,1.67%
20/05/2020,2939.40,2903.20,2939.40,2879.10,1.45M,0.00%
21/05/2020,2915.30,2939.40,2939.40,2903.20,1.12M,-0.82%
22/05/2020,2987.60,2915.30,3059.80,2903.20,5.02M,2.48%
25/05/2020,3047.80,2987.60,3059.80,2987.60,3.55M,2.02%
26/05/2020,3168.20,3059.80,3180.30,3059.80,3.62M,3.95%
27/05/2020,3071.90,3228.50,3240.50,3071.90,3.45M,-3.04%
28/05/2020,3071.90,3071.90,3108.00,3023.70,2.52M,0.00%
29/05/2020,3071.90,3011.60,3096.00,2999.60,2.75M,0.00%
1/6/2020,3132.10,3096.00,3132.10,3083.90,2.22M,1.96%
2/6/2020,3108.00,3168.20,3168.20,3071.90,2.79M,-0.77%
3/6/2020,3120.10,3132.10,3132.10,3083.90,1.18M,0.39%
4/6/2020,3276.70,3168.20,3312.80,3168.20,6.94M,5.02%
5/6/2020,3312.80,3252.60,3336.90,3228.50,2.18M,1.10%
8/6/2020,3373.00,3397.10,3421.20,3336.90,4.49M,1.82%
9/6/2020,3288.70,3348.90,3373.00,3276.70,4.33M,-2.50%
10/6/2020,3312.80,3300.80,3336.90,3204.40,4.83M,0.73%
11/6/2020,3132.10,3312.80,3324.90,3108.00,5.10M,-5.45%
12/6/2020,3108.00,2987.60,3108.00,2987.60,3.41M,-0.77%
15/06/2020,2939.40,3132.10,3132.10,2891.20,3.55M,-5.43%
16/06/2020,3144.10,2951.40,3144.10,2951.40,3.26M,6.97%
17/06/2020,3144.10,3132.10,3168.20,3096.00,1.38M,0.00%
18/06/2020,3108.00,3059.80,3144.10,3059.80,1.15M,-1.15%
19/06/2020,3180.30,3108.00,3180.30,3108.00,1.86M,2.33%
22/06/2020,3180.30,3204.40,3204.40,3144.10,1.09M,0.00%
23/06/2020,3324.90,3228.50,3361.00,3216.40,6.50M,4.55%
24/06/2020,3264.60,3324.90,3373.00,3252.60,2.79M,-1.81%
25/06/2020,3276.70,3192.30,3276.70,3156.20,1.25M,0.37%
26/06/2020,3288.70,3276.70,3361.00,3204.40,1.77M,0.37%
29/06/2020,3168.20,3204.40,3240.50,3096.00,2.63M,-3.66%
30/06/2020,3168.20,3180.30,3204.40,3047.80,2.48M,0.00%
1/7/2020,3116.20,3116.20,3151.60,3045.40,1.65M,-1.64%
2/7/2020,3080.80,3080.80,3116.20,3057.10,746.10K,-1.14%
3/7/2020,3069.00,3092.60,3092.60,3045.40,1.06M,-0.38%
6/7/2020,3116.20,3069.00,3139.80,3057.10,1.26M,1.54%
7/7/2020,3104.40,3116.20,3163.40,3069.00,1.66M,-0.38%
8/7/2020,3092.60,3069.00,3104.40,3057.10,1.43M,-0.38%
9/7/2020,3139.80,3092.60,3139.80,3092.60,1.57M,1.53%
10/7/2020,3104.40,3139.80,3175.20,3104.40,1.66M,-1.13%
13/07/2020,3139.80,3104.40,3139.80,3104.40,1.04M,1.14%
14/07/2020,3187.00,3139.80,3187.00,3116.20,1.98M,1.50%
15/07/2020,3163.40,3187.00,3222.40,3151.60,1.05M,-0.74%
16/07/2020,3139.80,3163.40,3187.00,3116.20,1.02M,-0.75%
17/07/2020,3128.00,3128.00,3151.60,3116.20,1.39M,-0.38%
20/07/2020,3115.70,3177.00,3177.00,3115.70,1.64M,-0.39%
21/07/2020,3103.40,3140.20,3140.20,3091.20,1.60M,-0.39%
22/07/2020,3066.60,3115.70,3128.00,3042.10,1.66M,-1.19%
23/07/2020,3078.90,3078.90,3078.90,2968.50,1.71M,0.40%
24/07/2020,2944.00,3078.90,3078.90,2870.40,3.23M,-4.38%
27/07/2020,2747.70,2747.70,2821.30,2747.70,5.79M,-6.67%
28/07/2020,2858.10,2723.20,2870.40,2723.20,2.90M,4.02%
29/07/2020,2784.50,2772.30,2821.30,2661.90,3.93M,-2.58%
30/07/2020,2809.10,2772.30,2821.30,2772.30,1.40M,0.88%
31/07/2020,2747.70,2674.10,2772.30,2661.90,1.75M,-2.18%
3/8/2020,2784.50,2698.60,2809.10,2698.60,2.73M,1.34%
4/8/2020,2821.30,2821.30,2845.90,2784.50,3.86M,1.32%
5/8/2020,2845.90,2809.10,2882.60,2796.80,1.59M,0.87%
6/8/2020,2809.10,2821.30,2858.10,2796.80,1.92M,-1.29%
7/8/2020,2809.10,2809.10,2821.30,2784.50,1.65M,0.00%
10/8/2020,2821.30,2809.10,2858.10,2809.10,2.05M,0.44%
11/8/2020,2858.10,2821.30,2870.40,2821.30,1.97M,1.30%
12/8/2020,2870.40,2858.10,2882.60,2833.60,1.31M,0.43%
13/08/2020,2882.60,2870.40,2894.90,2858.10,3.17M,0.43%
14/08/2020,2845.90,2882.60,2894.90,2821.30,1.88M,-1.28%
17/08/2020,2845.90,2845.90,2845.90,2809.10,1.25M,0.00%
18/08/2020,2796.80,2833.60,2845.90,2796.80,2.81M,-1.72%
19/08/2020,2845.90,2796.80,2845.90,2784.50,1.33M,1.75%
20/08/2020,2821.30,2821.30,2845.90,2796.80,1.19M,-0.86%
21/08/2020,2845.90,2821.30,2858.10,2809.10,2.16M,0.87%
24/08/2020,2907.20,2858.10,2931.70,2858.10,3.70M,2.16%
25/08/2020,2907.20,2919.40,2944.00,2907.20,3.62M,0.00%
26/08/2020,2931.70,2919.40,2931.70,2894.90,2.42M,0.84%
27/08/2020,2931.70,2919.40,2944.00,2907.20,2.27M,0.00%
28/08/2020,2980.80,2956.20,3042.10,2944.00,4.93M,1.67%
31/08/2020,2956.20,2980.80,3017.60,2944.00,1.57M,-0.82%
1/9/2020,2980.80,2956.20,2993.00,2944.00,1.07M,0.83%
3/9/2020,2980.80,3005.30,3017.60,2968.50,1.55M,0.00%
4/9/2020,3005.30,2931.70,3054.40,2882.60,3.53M,0.82%
7/9/2020,2980.80,3017.60,3091.20,2968.50,3.80M,-0.82%
8/9/2020,3029.80,3005.30,3029.80,2968.50,1.47M,1.65%
9/9/2020,3029.80,3005.30,3054.40,2968.50,2.25M,0.00%
10/9/2020,3054.40,3054.40,3078.90,3042.10,2.23M,0.81%
11/9/2020,3066.60,3054.40,3066.60,3029.80,1.44M,0.40%
14/09/2020,3103.40,3078.90,3115.70,3078.90,1.86M,1.20%
15/09/2020,3128.00,3103.40,3128.00,3091.20,3.55M,0.79%
16/09/2020,3103.40,3103.40,3128.00,3103.40,4.65M,-0.78%
17/09/2020,3103.40,3103.40,3115.70,3078.90,2.19M,0.00%
18/09/2020,3177.00,3103.40,3213.80,3103.40,8.87M,2.37%
21/09/2020,3213.80,3238.40,3262.90,3189.30,7.76M,1.16%
22/09/2020,3262.90,3189.30,3287.40,3177.00,8.04M,1.53%
23/09/2020,3312.00,3312.00,3361.00,3275.20,9.05M,1.50%
24/09/2020,3299.70,3287.40,3324.20,3262.90,7.80M,-0.37%
25/09/2020,3287.40,3336.50,3336.50,3262.90,10.72M,-0.37%
28/09/2020,3373.30,3336.50,3397.80,3287.40,10.61M,2.61%
29/09/2020,3312.00,3385.60,3397.80,3299.70,11.08M,-1.82%
30/09/2020,3312.00,3312.00,3312.00,3275.20,6.64M,0.00%
1/10/2020,3496.00,3336.50,3532.80,3336.50,14.05M,5.56%
2/10/2020,3496.00,3496.00,3508.20,3361.00,7.48M,0.00%
5/10/2020,3729.00,3508.20,3729.00,3508.20,7.92M,6.67%
6/10/2020,3778.10,3765.80,3900.80,3729.00,8.10M,1.32%
7/10/2020,3765.80,3753.60,3778.10,3716.80,5.12M,-0.32%
8/10/2020,3765.80,3765.80,3778.10,3716.80,4.76M,0.00%
9/10/2020,3913.00,3778.10,3925.30,3765.80,6.50M,3.91%
12/10/2020,3876.20,3986.60,4011.20,3827.20,5.91M,-0.94%
13/10/2020,3790.40,3851.70,3851.70,3765.80,3.43M,-2.22%
14/10/2020,3888.50,3790.40,3888.50,3778.10,3.67M,2.59%
15/10/2020,3888.50,3913.00,3949.80,3814.90,4.45M,0.00%
16/10/2020,3900.80,3913.00,3962.10,3839.40,3.97M,0.32%
19/10/2020,3925.30,3949.80,3986.60,3888.50,5.98M,0.63%
20/10/2020,3925.30,3913.00,3949.80,3851.70,2.92M,0.00%
21/10/2020,3900.80,3974.40,4011.20,3876.20,8.54M,-0.62%
22/10/2020,3937.60,3839.40,3937.60,3802.60,4.06M,0.94%
23/10/2020,3925.30,3949.80,3949.80,3888.50,2.67M,-0.31%
26/10/2020,3827.20,3949.80,3962.10,3827.20,4.80M,-2.50%
27/10/2020,3765.80,3778.10,3851.70,3729.00,10.19M,-1.60%
28/10/2020,3643.20,3729.00,3765.80,3557.30,11.83M,-3.26%
29/10/2020,3680.00,3594.10,3704.50,3569.60,5.18M,1.01%
30/10/2020,3630.90,3680.00,3692.20,3569.60,2.28M,-1.33%
2/11/2020,3753.60,3630.90,3802.60,3630.90,2.73M,3.38%
3/11/2020,3765.80,3790.40,3814.90,3753.60,2.92M,0.33%
4/11/2020,3888.50,3765.80,3888.50,3765.80,7.12M,3.26%
5/11/2020,3851.70,3839.40,3925.30,3814.90,3.05M,-0.95%
6/11/2020,3864.00,3851.70,3876.20,3802.60,2.06M,0.32%
9/11/2020,3937.60,3974.40,3974.40,3900.80,4.64M,1.90%
10/11/2020,4207.40,3974.40,4207.40,3913.00,14.37M,6.85%
11/11/2020,4244.20,4244.20,4256.50,4158.40,5.75M,0.87%
12/11/2020,4244.20,4182.90,4256.50,4170.60,4.73M,0.00%
13/11/2020,4244.20,4232.00,4305.60,4219.70,7.56M,0.00%
16/11/2020,4170.60,4281.00,4281.00,4097.00,10.31M,-1.73%
17/11/2020,4232.00,4244.20,4256.50,4158.40,8.78M,1.47%
18/11/2020,4342.40,4244.20,4366.90,4232.00,9.97M,2.61%
19/11/2020,4281.00,4379.20,4379.20,4268.80,6.99M,-1.41%
20/11/2020,4195.20,4293.30,4293.30,4146.10,9.74M,-2.01%
23/11/2020,4232.00,4121.60,4330.10,4121.60,9.44M,0.88%
24/11/2020,4207.40,4256.50,4305.60,4133.80,7.54M,-0.58%
25/11/2020,4219.70,4244.20,4281.00,4182.90,8.36M,0.29%
26/11/2020,4281.00,4219.70,4281.00,4195.20,5.44M,1.45%
27/11/2020,4465.00,4293.30,4489.60,4293.30,16.17M,4.30%
30/11/2020,4477.30,4489.60,4538.60,4428.20,8.60M,0.27%
1/12/2020,4624.50,4416.00,4624.50,4391.40,10.62M,3.29%
2/12/2020,4649.00,4673.60,4710.40,4600.00,10.69M,0.53%
3/12/2020,4661.30,4661.30,4722.60,4624.50,6.64M,0.26%
4/12/2020,4587.70,4636.80,4661.30,4550.90,7.95M,-1.58%
7/12/2020,4710.40,4612.20,4722.60,4587.70,9.65M,2.67%
8/12/2020,4906.60,4710.40,4992.50,4710.40,11.67M,4.17%
9/12/2020,4931.20,5029.30,5029.30,4931.20,13.63M,0.50%
10/12/2020,4808.50,4906.60,4943.40,4808.50,10.58M,-2.49%
11/12/2020,5004.80,4808.50,5029.30,4759.40,9.80M,4.08%
14/12/2020,5348.20,5127.40,5348.20,5066.10,14.08M,6.86%
15/12/2020,5618.10,5385.00,5654.90,5348.20,14.58M,5.05%
16/12/2020,5605.80,5618.10,5753.00,5556.80,11.30M,-0.22%
17/12/2020,5544.50,5544.50,5630.40,5507.70,11.32M,-1.09%
18/12/2020,5924.80,5618.10,5924.80,5544.50,10.53M,6.86%
21/12/2020,6329.50,6206.90,6329.50,6157.80,10.28M,6.83%
22/12/2020,6746.60,6501.30,6771.10,6452.20,17.11M,6.59%
23/12/2020,6636.20,6673.00,6857.00,6550.40,10.74M,-1.64%
24/12/2020,6624.00,6673.00,6746.60,6182.40,17.20M,-0.18%
25/12/2020,7077.80,6660.80,7077.80,6624.00,22.23M,6.85%
28/12/2020,7360.00,7482.60,7482.60,7163.70,17.95M,3.99%
29/12/2020,7310.90,7274.10,7482.60,7176.00,14.22M,-0.67%
30/12/2020,7212.80,7212.80,7310.90,7114.60,16.68M,-1.34%
31/12/2020,7360.00,7261.80,7593.00,7212.80,15.52M,2.04%
4/1/2021,7507.10,7605.30,7703.40,7507.10,12.51M,2.00%
5/1/2021,7384.50,7360.00,7519.40,7310.90,24.58M,-1.63%
6/1/2021,7347.70,7568.50,7629.80,7286.40,18.22M,-0.50%
7/1/2021,7360.00,7409.00,7433.50,7212.80,21.76M,0.17%
8/1/2021,7261.80,7482.60,7482.60,7212.80,21.80M,-1.33%
11/1/2021,6942.90,7261.80,7323.10,6930.60,34.80M,-4.39%
12/1/2021,7274.10,6844.80,7396.80,6795.70,19.39M,4.77%
13/01/2021,7102.40,7274.10,7286.40,7053.30,21.58M,-2.36%
14/01/2021,7531.70,7114.60,7593.00,6967.40,33.12M,6.04%
15/01/2021,7789.30,7593.00,7838.30,7531.70,30.03M,3.42%
18/01/2021,7519.40,7789.30,7801.50,7482.60,20.66M,-3.46%
19/01/2021,7004.20,7482.60,7482.60,7004.20,25.12M,-6.85%
20/01/2021,6918.40,7028.80,7163.70,6525.80,18.72M,-1.23%
21/01/2021,7102.40,7090.10,7114.60,6795.70,19.16M,2.66%
22/01/2021,6857.00,7077.80,7139.10,6820.20,21.15M,-3.45%
25/01/2021,6844.80,6636.20,7065.50,6587.10,20.95M,-0.18%
26/01/2021,6403.10,6795.70,6820.20,6378.60,15.03M,-6.45%
27/01/2021,5961.60,6133.30,6280.50,5961.60,30.04M,-6.90%
28/01/2021,5544.50,5544.50,5642.60,5544.50,38.30M,-7.00%
29/01/2021,5753.00,5176.50,5912.50,5176.50,17.94M,3.76%
1/2/2021,5372.80,5740.80,5888.00,5360.50,14.91M,-6.61%
2/2/2021,5642.60,5372.80,5691.70,5225.60,16.50M,5.02%
3/2/2021,6035.20,5814.40,6035.20,5765.30,13.82M,6.96%
4/2/2021,6256.00,6133.30,6329.50,6035.20,14.70M,3.66%
5/2/2021,6464.50,6280.50,6501.30,6243.70,10.50M,3.33%
8/2/2021,6378.60,6513.50,6820.20,6022.90,22.61M,-1.33%
9/2/2021,6648.50,6464.50,6697.50,6280.50,13.90M,4.23%
17/02/2021,6869.30,6820.20,6942.90,6734.40,16.66M,3.32%
18/02/2021,6746.60,6869.30,6893.80,6722.10,16.59M,-1.79%
19/02/2021,6771.10,6624.00,6869.30,6624.00,14.90M,0.36%
22/02/2021,6709.80,6795.70,6857.00,6660.80,13.94M,-0.91%
23/02/2021,6758.90,6709.80,6869.30,6599.40,25.78M,0.73%
24/02/2021,6820.20,6918.40,6979.70,6648.50,19.53M,0.91%
25/02/2021,6832.50,6869.30,6869.30,6722.10,10.48M,0.18%
26/02/2021,6795.70,6673.00,6820.20,6648.50,11.74M,-0.54%
1/3/2021,7163.70,6893.80,7163.70,6795.70,26.56M,5.42%
2/3/2021,7114.60,7310.90,7323.10,7016.50,20.67M,-0.68%
3/3/2021,7077.80,7065.50,7163.70,7016.50,13.63M,-0.52%
4/3/2021,6795.70,7090.10,7090.10,6624.00,20.09M,-3.99%
5/3/2021,6746.60,6734.40,6795.70,6574.90,19.61M,-0.72%
8/3/2021,7041.00,6992.00,7102.40,6918.40,22.84M,4.36%
9/3/2021,6930.60,6967.40,7004.20,6746.60,11.09M,-1.57%
10/3/2021,7041.00,6906.10,7041.00,6808.00,15.80M,1.59%
11/3/2021,7310.90,7163.70,7458.10,7077.80,45.10M,3.83%
12/3/2021,7212.80,7310.90,7335.40,7102.40,15.11M,-1.34%
15/03/2021,7139.10,7212.80,7225.00,7114.60,17.87M,-1.02%
16/03/2021,6992.00,7139.10,7139.10,6881.50,23.84M,-2.06%
17/03/2021,7053.30,6979.70,7114.60,6930.60,12.42M,0.88%
18/03/2021,7310.90,7163.70,7310.90,7126.90,24.43M,3.65%
19/03/2021,7543.90,7384.50,7568.50,7360.00,40.93M,3.19%
22/03/2021,7458.10,7556.20,7568.50,7409.00,17.69M,-1.14%
23/03/2021,7249.50,7396.80,7396.80,7151.40,26.79M,-2.80%
24/03/2021,7090.10,7016.50,7176.00,6869.30,27.68M,-2.20%
25/03/2021,7090.10,7090.10,7163.70,6918.40,15.11M,0.00%
26/03/2021,7053.30,6955.10,7090.10,6722.10,19.83M,-0.52%
29/03/2021,7139.10,7114.60,7163.70,7065.50,14.71M,1.22%
30/03/2021,7409.00,7212.80,7421.30,7126.90,26.81M,3.78%
5/4/2021,8145.00,8145.00,8145.00,7850.60,17.86M,9.93%
6/4/2021,8169.50,8954.60,8954.60,8145.00,65.16M,0.30%
7/4/2021,8341.30,8169.50,8463.90,7997.80,35.17M,2.10%
8/4/2021,8709.30,8365.80,8954.60,8341.30,30.50M,4.41%
9/4/2021,8758.30,8709.30,8881.00,8586.60,24.25M,0.56%
12/4/2021,9280.80,8882.80,9280.80,8783.20,43.85M,5.97%
13/04/2021,9007.20,9280.80,9504.80,8982.30,46.89M,-2.95%
14/04/2021,9231.10,9007.20,9256.00,8783.20,30.70M,2.49%
15/04/2021,8982.30,9156.40,9280.90,8857.90,30.73M,-2.70%
16/04/2021,9206.20,8982.30,9206.20,8584.20,36.38M,2.49%
19/04/2021,9280.90,9231.10,9430.10,9032.00,16.69M,0.81%
20/04/2021,8982.30,9330.60,9330.60,8957.40,21.07M,-3.22%
22/04/2021,8708.60,8982.30,9305.70,8708.60,32.18M,-3.05%
23/04/2021,9032.00,8708.60,9032.00,8658.80,21.30M,3.71%
26/04/2021,8658.80,8982.30,9081.80,8658.80,17.86M,-4.13%
27/04/2021,8733.50,8584.20,8833.00,7812.80,12.74M,0.86%
28/04/2021,8882.70,8733.50,9032.00,8683.70,17.36M,1.71%
29/04/2021,9007.20,8882.70,9131.60,8882.70,17.96M,1.40%
4/5/2021,9231.10,8957.40,9256.00,8459.80,22.33M,2.49%
5/5/2021,9579.40,9231.10,9803.40,9007.20,38.85M,3.77%
6/5/2021,9554.60,9579.40,9679.00,9405.30,18.58M,-0.26%
7/5/2021,9828.30,9529.70,10052.20,9430.10,23.55M,2.86%
10/5/2021,10325.90,9828.30,10325.90,9703.80,21.52M,5.06%
11/5/2021,10077.10,10350.80,10574.70,10077.10,27.83M,-2.41%
12/5/2021,10350.80,10077.10,10375.60,9878.00,16.58M,2.72%
13/05/2021,10276.10,10350.80,10574.70,10176.60,18.36M,-0.72%
14/05/2021,10201.50,10276.10,10400.50,10077.10,18.65M,-0.73%
17/05/2021,10151.70,10201.50,10325.90,10077.10,15.20M,-0.49%
18/05/2021,10226.40,10201.50,10574.70,10101.90,23.65M,0.74%
19/05/2021,10649.30,10276.10,10674.20,10201.50,15.72M,4.14%
20/05/2021,11072.30,10649.30,11321.10,10599.60,16.52M,3.97%
21/05/2021,11022.60,11072.30,11246.50,10798.60,19.56M,-0.45%
24/05/2021,11221.60,11022.60,11296.30,10873.30,19.19M,1.81%
25/05/2021,11346.00,11221.60,11445.60,11047.50,12.44M,1.11%
26/05/2021,11346.00,11346.00,11470.40,11246.50,9.36M,0.00%
27/05/2021,11022.60,11346.00,11346.00,10699.10,17.65M,-2.85%
28/05/2021,11445.60,11022.60,11495.30,10947.90,14.52M,3.84%
31/05/2021,12366.20,11445.60,12440.80,11445.60,18.62M,8.04%
1/6/2021,12615.00,12415.90,12639.90,12067.60,25.44M,2.01%
2/6/2021,13859.10,12615.00,13859.10,12366.20,26.55M,9.86%
3/6/2021,15227.60,15177.80,15227.60,13933.70,31.38M,9.87%
4/6/2021,15028.50,15302.20,15799.80,14680.20,25.36M,-1.31%
7/6/2021,14182.50,15028.50,15128.00,13684.90,33.88M,-5.63%
8/6/2021,13038.00,14182.50,14655.30,13038.00,22.68M,-8.07%
9/6/2021,14331.80,13038.00,14331.80,12789.20,28.64M,9.92%
10/6/2021,14987.80,15782.90,15782.90,14868.50,44.76M,4.58%
11/6/2021,15822.70,14987.80,16061.20,14789.00,26.65M,5.57%
14/06/2021,17293.60,17253.90,17373.10,15822.70,24.04M,9.30%
15/06/2021,17770.70,17293.60,18088.70,16737.00,23.63M,2.76%
16/06/2021,16975.60,17770.70,17770.70,16617.80,22.13M,-4.47%
17/06/2021,17452.60,16697.30,17492.40,15504.60,14.12M,2.81%
18/06/2021,17373.10,17452.60,17889.90,17094.80,10.75M,-0.46%
21/06/2021,16697.30,17373.10,17373.10,16697.30,15.34M,-3.89%
22/06/2021,16737.00,16697.30,17015.30,16697.30,10.75M,0.24%
23/06/2021,17055.10,16856.30,17293.60,16498.50,10.59M,1.90%
24/06/2021,16975.60,17094.80,17333.40,16776.80,6.58M,-0.47%
25/06/2021,17889.90,16975.60,17969.50,16896.10,25.89M,5.39%
28/06/2021,18088.70,17889.90,18486.30,17889.90,14.76M,1.11%
29/06/2021,17969.50,18128.50,18406.80,17691.20,15.09M,-0.66%
30/06/2021,17651.40,17969.50,18009.20,17651.40,13.70M,-1.77%
1/7/2021,18446.50,17889.90,18605.50,17651.40,23.39M,4.50%
2/7/2021,19241.60,18526.00,19877.70,18406.80,23.41M,4.31%
5/7/2021,18883.80,19241.60,19480.20,18446.50,15.87M,-1.86%
6/7/2021,17015.30,18883.80,19082.60,17015.30,20.34M,-9.89%
7/7/2021,17691.20,16617.80,17691.20,16458.70,25.42M,3.97%
8/7/2021,17333.40,17889.90,17889.90,17174.30,13.88M,-2.02%
9/7/2021,16617.80,17412.90,17452.60,16260.00,19.47M,-4.13%
12/7/2021,15027.50,16697.30,16856.30,14987.80,31.11M,-9.57%
13/07/2021,15782.90,15027.50,15782.90,15027.50,13.76M,5.03%
14/07/2021,15464.90,15862.40,16061.20,15107.10,9.34M,-2.01%
15/07/2021,16379.20,15385.30,16657.50,15186.60,12.47M,5.91%
16/07/2021,16260.00,16379.20,16617.80,16180.50,9.96M,-0.73%
19/07/2021,15027.50,16140.70,16140.70,14987.80,16.83M,-7.58%
20/07/2021,16458.70,15067.30,16458.70,14789.00,19.99M,9.52%
21/07/2021,16458.70,16458.70,16896.10,16180.50,14.63M,0.00%
22/07/2021,17174.30,16458.70,17412.90,16220.20,18.50M,4.35%
23/07/2021,16578.00,17174.30,17214.10,16578.00,22.78M,-3.47%
26/07/2021,16657.50,16100.90,16816.50,14987.80,14.66M,0.48%
27/07/2021,17293.60,16697.30,17810.40,16697.30,31.35M,3.82%
28/07/2021,17333.40,17174.30,17611.70,17174.30,15.34M,0.23%
29/07/2021,18247.70,17412.90,18247.70,17412.90,25.18M,5.27%
30/07/2021,18327.20,18247.70,18605.50,18009.20,32.54M,0.44%
2/8/2021,18287.50,18327.20,18605.50,18009.20,22.86M,-0.22%
3/8/2021,19838.00,18287.50,19838.00,18168.20,45.95M,8.48%
4/8/2021,19798.20,19838.00,20156.00,19559.70,22.47M,-0.20%
5/8/2021,20354.80,19798.20,20513.80,19519.90,22.88M,2.81%
6/8/2021,19917.50,20354.80,20434.30,19917.50,27.40M,-2.15%
9/8/2021,20672.80,19917.50,21189.60,19480.20,27.27M,3.79%
10/8/2021,20394.50,20712.60,20951.10,20235.50,25.45M,-1.35%
11/8/2021,19877.70,20394.50,20513.80,19877.70,27.21M,-2.53%
12/8/2021,19718.70,19838.00,20156.00,19480.20,20.58M,-0.80%
13/08/2021,20434.30,19599.40,20474.00,19559.70,22.05M,3.63%
16/08/2021,21110.10,20434.30,21428.20,20434.30,32.01M,3.31%
17/08/2021,20951.10,21070.40,21070.40,20593.30,46.69M,-0.75%
18/08/2021,21189.60,21189.60,21706.50,20752.30,34.76M,1.14%
19/08/2021,21507.70,21269.20,21587.20,21030.60,20.67M,1.50%
20/08/2021,21070.40,21507.70,21786.00,20672.80,51.75M,-2.03%
23/08/2021,21189.60,21070.40,21666.70,20752.30,33.57M,0.57%
24/08/2021,19877.70,21189.60,21269.20,19201.90,54.82M,-6.19%
25/08/2021,20474.00,19678.90,20474.00,19321.10,21.89M,3.00%
26/08/2021,20195.80,20394.50,20553.60,19877.70,17.57M,-1.36%
27/08/2021,20116.20,20156.00,20275.30,19519.90,23.28M,-0.39%
6/9/2021,20116.20,20394.50,20672.80,19838.00,29.93M,0.00%
7/9/2021,20672.80,20275.30,21030.60,20275.30,26.15M,2.77%
8/9/2021,20871.60,21149.90,21229.40,20672.80,20.83M,0.96%
9/9/2021,21030.60,20672.80,21030.60,20672.80,15.63M,0.76%
10/9/2021,21348.70,21149.90,21626.90,20990.90,28.28M,1.51%
13/09/2021,21507.70,21308.90,21666.70,20871.60,22.92M,0.74%
14/09/2021,21110.10,21467.90,21587.20,21110.10,12.16M,-1.85%
15/09/2021,21269.20,20712.60,21348.70,20712.60,14.99M,0.75%
16/09/2021,20951.10,21348.70,21348.70,20911.40,9.05M,-1.50%
17/09/2021,21587.20,20990.90,22064.30,20911.40,30.23M,3.04%
20/09/2021,21308.90,21825.70,21984.70,21269.20,17.44M,-1.29%
21/09/2021,21030.60,21030.60,21229.40,20712.60,18.11M,-1.31%
22/09/2021,21229.40,21070.40,21269.20,20672.80,13.61M,0.95%
23/09/2021,21308.90,21428.20,21666.70,21149.90,13.07M,0.37%
24/09/2021,20911.40,21149.90,21308.90,20911.40,7.55M,-1.87%
27/09/2021,19957.20,20951.10,21070.40,19957.20,22.50M,-4.56%
28/09/2021,20474.00,19917.50,20553.60,19758.40,11.69M,2.59%
29/09/2021,20195.80,20275.30,20354.80,20036.70,10.34M,-1.36%
30/09/2021,20275.30,20235.50,20474.00,20036.70,8.68M,0.39%
1/10/2021,19678.90,20076.50,20315.00,19678.90,18.14M,-2.94%
4/10/2021,19281.40,19500.00,19559.70,19003.10,21.73M,-2.02%
5/10/2021,20116.20,19599.40,20394.50,19519.90,18.36M,4.33%
6/10/2021,20116.20,20275.30,20275.30,19997.00,7.80M,0.00%
7/10/2021,20275.30,20195.80,20474.00,19838.00,12.21M,0.79%
8/10/2021,20394.50,20315.00,20593.30,20195.80,10.92M,0.59%
11/10/2021,20792.10,20593.30,20871.60,20394.50,10.23M,1.95%
12/10/2021,20633.10,20871.60,20871.60,20553.60,9.13M,-0.76%
13/10/2021,20394.50,20672.80,20831.80,20235.50,8.70M,-1.16%
14/10/2021,20394.50,20394.50,20672.80,20116.20,21.23M,0.00%
15/10/2021,20474.00,20474.00,20672.80,20394.50,10.04M,0.39%
18/10/2021,21110.10,20513.80,21229.40,20434.30,25.66M,3.11%
19/10/2021,21308.90,21149.90,21666.70,20951.10,16.19M,0.94%
20/10/2021,21070.40,21467.90,21467.90,20752.30,15.03M,-1.12%
21/10/2021,21070.40,21308.90,21308.90,20871.60,10.12M,0.00%
22/10/2021,20752.30,21070.40,21110.10,20633.10,15.67M,-1.51%
25/10/2021,20116.20,20672.80,20712.60,20116.20,19.04M,-3.07%
26/10/2021,20354.80,19877.70,20434.30,19778.30,8.92M,1.19%
27/10/2021,21269.20,20593.30,21269.20,20354.80,17.44M,4.49%
28/10/2021,22382.30,21547.40,22660.60,21507.70,41.78M,5.23%
29/10/2021,22660.60,22581.10,22899.10,22143.80,20.99M,1.24%
1/11/2021,23495.50,22859.40,23654.50,22700.30,27.43M,3.68%
2/11/2021,24091.80,23495.50,24449.60,23097.90,21.99M,2.54%
3/11/2021,23773.70,24091.80,24529.10,23575.00,25.28M,-1.32%
4/11/2021,25403.70,24131.50,25403.70,23853.30,30.08M,6.86%
5/11/2021,25602.50,26079.60,26079.60,25523.00,17.08M,0.78%
8/11/2021,26914.40,25642.20,27232.50,25642.20,23.30M,5.12%
9/11/2021,27630.00,26675.90,27630.00,26556.60,19.09M,2.66%
10/11/2021,27590.30,28027.60,28146.80,27113.20,19.39M,-0.14%
11/11/2021,27272.20,27828.80,28305.90,26556.60,32.95M,-1.15%
12/11/2021,27789.00,27510.80,27828.80,27033.70,14.23M,1.89%
15/11/2021,27908.30,28266.10,28782.90,27431.20,15.55M,0.43%
16/11/2021,27630.00,27630.00,28305.90,27272.20,17.72M,-1.00%
17/11/2021,29538.30,28544.40,29538.30,28146.80,29.90M,6.91%
18/11/2021,30850.20,30571.90,31605.60,30015.30,20.54M,4.44%
19/11/2021,29816.60,31009.20,31088.70,28703.40,29.59M,-3.35%
22/11/2021,30015.30,29816.60,30810.50,28981.70,23.62M,0.67%
23/11/2021,32082.60,30055.10,32082.60,29737.10,18.38M,6.89%
24/11/2021,32360.90,32519.90,32877.70,31844.10,15.09M,0.87%
25/11/2021,32241.60,32241.60,32957.20,31844.10,14.71M,-0.37%
26/11/2021,31009.20,32241.60,32400.70,30810.50,32.62M,-3.82%
29/11/2021,31764.60,30611.70,32003.10,30293.60,13.96M,2.44%
30/11/2021,31406.80,32400.70,32440.40,30850.20,19.99M,-1.13%
1/12/2021,31009.20,31287.50,31406.80,30611.70,17.32M,-1.27%
2/12/2021,30890.00,30890.00,31605.60,30651.40,9.22M,-0.38%
3/12/2021,29021.50,31168.20,31208.00,29021.50,20.85M,-6.05%
6/12/2021,29379.30,29419.00,30412.90,28663.70,22.24M,1.23%
7/12/2021,29697.30,29975.60,30055.10,29061.20,12.24M,1.08%
8/12/2021,30174.40,30055.10,30412.90,29617.80,11.14M,1.61%
9/12/2021,31764.60,29975.60,31764.60,29856.30,13.54M,5.27%
10/12/2021,31406.80,31605.60,32082.60,31009.20,11.30M,-1.13%
13/12/2021,32003.10,31565.80,32201.90,31049.00,16.66M,1.90%
14/12/2021,32082.60,32162.10,32519.90,31486.30,12.66M,0.25%
15/12/2021,31406.80,32042.90,32281.40,31406.80,10.60M,-2.11%
16/12/2021,30611.70,31446.50,31764.60,30373.10,23.68M,-2.53%
17/12/2021,31804.30,30850.20,31804.30,30412.90,24.60M,3.90%
20/12/2021,33871.60,32201.90,33990.90,31804.30,25.15M,6.50%
21/12/2021,33712.60,34030.60,34308.90,33474.10,14.27M,-0.47%
22/12/2021,33116.30,33990.90,33990.90,32917.50,18.03M,-1.77%
23/12/2021,31327.30,32798.20,32997.00,31009.20,30.52M,-5.40%
24/12/2021,31764.60,31406.80,32162.10,30611.70,11.25M,1.40%
27/12/2021,31804.30,32241.60,32758.50,31804.30,8.26M,0.12%
28/12/2021,31208.00,31844.10,32281.40,31208.00,13.73M,-1.87%
29/12/2021,31406.80,31128.50,31923.60,30691.20,11.48M,0.64%
30/12/2021,32917.50,31764.60,32997.00,31406.80,17.30M,4.81%
31/12/2021,32599.40,33315.00,33315.00,32360.90,9.05M,-0.97%
4/1/2022,32997.00,32639.20,33553.60,32599.40,12.66M,1.22%
5/1/2022,32639.20,32997.00,33712.60,32639.20,16.19M,-1.08%
6/1/2022,32281.40,32519.90,33036.80,32201.90,13.89M,-1.10%
7/1/2022,31804.30,32003.10,32480.20,31685.10,15.00M,-1.48%
10/1/2022,30691.20,31605.60,32042.90,30691.20,27.87M,-3.50%
11/1/2022,29021.50,31406.80,31406.80,29021.50,24.51M,-5.44%
12/1/2022,30373.10,28822.70,30492.40,28623.90,19.67M,4.66%
13/01/2022,28981.70,30571.90,30770.70,28703.40,14.44M,-4.58%
14/01/2022,28623.90,28623.90,29339.50,28623.90,9.30M,-1.23%
17/01/2022,26636.10,28623.90,28782.90,26636.10,38.87M,-6.94%
18/01/2022,24807.40,25880.80,26238.60,24807.40,25.09M,-6.87%
19/01/2022,26516.90,25642.20,26516.90,25324.20,14.10M,6.89%
20/01/2022,26954.20,26636.10,27630.00,25761.50,12.99M,1.65%
21/01/2022,26159.10,26914.40,26914.40,26119.30,8.23M,-2.95%
24/01/2022,24330.30,25403.70,25761.50,24330.30,26.68M,-6.99%
25/01/2022,24926.60,24091.80,25045.90,23495.50,10.01M,2.45%
26/01/2022,25006.20,25045.90,25602.50,24449.60,11.23M,0.32%
27/01/2022,25841.00,24807.40,26556.60,24688.10,10.63M,3.34%
28/01/2022,27431.20,25841.00,27431.20,25761.50,11.62M,6.15%
7/2/2022,27987.80,27749.30,28544.40,27510.80,10.00M,2.03%
8/2/2022,27828.80,28027.60,28027.60,27113.20,6.73M,-0.57%
9/2/2022,28623.90,27828.80,28981.70,27630.00,12.46M,2.86%
10/2/2022,28226.30,28584.10,28902.20,27868.50,6.70M,-1.39%
11/2/2022,28425.10,28067.30,28703.40,27908.30,7.86M,0.70%
14/02/2022,27033.70,27709.50,28226.30,27033.70,11.15M,-4.89%
15/02/2022,27948.10,27431.20,28067.30,26834.90,10.10M,3.38%
16/02/2022,28425.10,28226.30,29021.50,28027.60,6.78M,1.71%
17/02/2022,28266.10,28425.10,28584.10,28107.10,6.24M,-0.56%
18/02/2022,28663.70,27868.50,28981.70,27749.30,11.88M,1.41%
21/02/2022,29856.30,28862.40,30214.10,28822.70,14.23M,4.16%
22/02/2022,29220.20,29299.70,29737.10,28822.70,11.19M,-2.13%
23/02/2022,29578.00,29458.80,29776.80,29339.50,5.75M,1.22%
24/02/2022,30214.10,29458.80,30770.70,28623.90,23.67M,2.15%
25/02/2022,31049.00,30611.70,32201.90,30452.70,27.44M,2.76%
28/02/2022,31327.30,31605.60,31923.60,30969.50,14.76M,0.90%
1/3/2022,31208.00,31486.30,31685.10,30929.70,16.12M,-0.38%
2/3/2022,30174.40,30850.20,31128.50,30015.30,24.88M,-3.31%
3/3/2022,30532.20,30333.40,30571.90,29856.30,10.40M,1.19%
4/3/2022,30611.70,30810.50,31367.00,30611.70,11.32M,0.26%
7/3/2022,30253.90,30333.40,30810.50,30214.10,16.47M,-1.17%
8/3/2022,29816.60,29896.10,30611.70,29816.60,17.84M,-1.45%
9/3/2022,29220.20,29975.60,30094.90,29220.20,29.10M,-2.00%
10/3/2022,31207.90,31207.90,31207.90,31207.90,2.00M,6.80%
11/3/2022,31844.80,33363.50,33363.50,31844.80,32.60M,2.04%
14/03/2022,31109.90,31452.80,31697.80,30718.00,7.35M,-2.31%
15/03/2022,31942.80,31256.90,32873.60,31109.90,8.55M,2.68%
16/03/2022,31893.80,32530.70,32530.70,31795.80,4.87M,-0.15%
17/03/2022,31452.80,32334.70,32334.70,31354.80,6.10M,-1.38%
18/03/2022,31305.90,31354.80,31746.80,31060.90,13.11M,-0.47%
21/03/2022,31354.80,31403.80,31648.80,31060.90,6.94M,0.16%
22/03/2022,31501.80,31354.80,32236.70,31305.90,8.16M,0.47%
23/03/2022,31305.90,31550.80,31844.80,31207.90,6.82M,-0.62%
24/03/2022,30864.90,31305.90,31354.80,30864.90,8.94M,-1.41%
25/03/2022,30473.00,30669.00,31158.90,30375.00,8.46M,-1.27%
28/03/2022,29591.10,29983.10,30375.00,29199.20,10.10M,-2.89%
29/03/2022,30277.00,30277.00,30620.00,29885.10,5.30M,2.32%
30/03/2022,30326.00,29983.10,30815.90,29689.10,5.88M,0.16%
31/03/2022,29885.10,30473.00,30620.00,29689.10,4.55M,-1.45%
1/4/2022,31060.90,29885.10,31158.90,29493.20,7.85M,3.93%
4/4/2022,33216.50,31746.80,33216.50,31697.80,28.16M,6.94%
5/4/2022,33902.40,33412.50,35372.20,33412.50,17.04M,2.06%
6/4/2022,34784.30,33314.50,35274.20,33314.50,18.82M,2.60%
7/4/2022,34294.40,34784.30,36254.00,34294.40,23.24M,-1.41%
8/4/2022,34392.30,34294.40,35274.20,33853.40,17.99M,0.29%
12/4/2022,32334.70,35078.20,35078.20,32334.70,16.61M,-5.98%
13/04/2022,34588.30,32432.70,34588.30,31158.90,16.66M,6.97%
14/04/2022,33853.40,34784.30,35225.20,33657.50,12.34M,-2.12%
15/04/2022,33020.60,33510.50,34539.30,32824.60,12.86M,-2.46%
18/04/2022,31550.80,32138.70,32824.60,30864.90,18.70M,-4.45%
19/04/2022,29395.20,31648.80,32383.70,29395.20,15.77M,-6.83%
20/04/2022,29689.10,29395.20,30766.90,29003.20,13.76M,1.00%
21/04/2022,31697.80,29689.10,31746.80,29493.20,14.54M,6.77%
22/04/2022,31011.90,32334.70,32677.60,29934.10,13.20M,-2.16%
25/04/2022,28856.30,31011.90,31501.80,28856.30,16.40M,-6.95%
26/04/2022,30864.90,28415.30,30864.90,26896.60,15.52M,6.96%
27/04/2022,30571.00,30375.00,31109.90,29934.10,7.46M,-0.95%
28/04/2022,29787.10,30326.00,30913.90,29689.10,9.71M,-2.56%
29/04/2022,30375.00,29542.10,30766.90,29444.20,10.43M,1.97%
4/5/2022,29395.20,30081.10,30669.00,29395.20,7.95M,-3.23%
5/5/2022,28415.30,29836.10,29983.10,28072.40,10.87M,-3.33%
6/5/2022,26455.70,27337.50,28072.40,26455.70,14.96M,-6.90%
9/5/2022,24643.00,25279.80,25867.70,24643.00,14.59M,-6.85%
10/5/2022,25034.90,23222.20,25328.80,23124.20,11.67M,1.59%
11/5/2022,24789.90,25083.90,25377.80,24349.00,4.53M,-0.98%
12/5/2022,23075.20,24006.10,24496.00,23075.20,8.09M,-6.92%
13/05/2022,21507.50,23026.20,23222.20,21507.50,17.31M,-6.79%
16/05/2022,22193.40,22536.30,22977.20,21556.50,8.47M,3.19%
17/05/2022,23712.10,21997.40,23712.10,21458.50,8.21M,6.84%
18/05/2022,24251.00,24496.00,25279.80,23908.10,10.79M,2.27%
19/05/2022,24691.90,23516.10,24887.90,23418.20,8.42M,1.82%
20/05/2022,24104.00,24985.90,25181.90,24006.10,9.34M,-2.38%
23/05/2022,22830.20,24300.00,24349.00,22438.30,10.08M,-5.28%
24/05/2022,23516.10,22830.20,23516.10,21262.50,13.60M,3.00%
25/05/2022,24300.00,23516.10,24691.90,23418.20,9.62M,3.33%
26/05/2022,24350.00,24500.00,25500.00,24200.00,7.95M,0.21%
27/05/2022,24450.00,24350.00,24950.00,24000.00,8.74M,0.41%
30/05/2022,24950.00,24650.00,25300.00,24450.00,10.66M,2.04%
31/05/2022,25250.00,25000.00,25700.00,24600.00,10.69M,1.20%
1/6/2022,25450.00,25000.00,25900.00,24600.00,9.03M,0.79%
2/6/2022,24850.00,25500.00,25950.00,24600.00,10.98M,-2.36%
3/6/2022,24350.00,24650.00,24900.00,24050.00,8.60M,-2.01%
6/6/2022,24100.00,24250.00,25000.00,23950.00,6.12M,-1.03%
7/6/2022,23900.00,23950.00,24050.00,22500.00,9.66M,-0.83%
8/6/2022,24700.00,24350.00,25200.00,23850.00,8.70M,3.35%
9/6/2022,24950.00,25000.00,25400.00,24700.00,6.61M,1.01%
10/6/2022,24000.00,24600.00,24900.00,24000.00,6.29M,-3.81%
13/06/2022,22350.00,22600.00,23300.00,22350.00,10.70M,-6.88%
14/06/2022,20900.00,21500.00,22300.00,20800.00,10.12M,-6.49%
15/06/2022,19450.00,20500.00,21300.00,19450.00,30.21M,-6.94%
16/06/2022,18150.00,19950.00,20000.00,18100.00,26.01M,-6.68%
17/06/2022,16900.00,17100.00,17500.00,16900.00,28.72M,-6.89%
20/06/2022,15750.00,17450.00,17650.00,15750.00,29.31M,-6.80%
21/06/2022,15900.00,15300.00,16800.00,14850.00,28.57M,0.95%
22/06/2022,17000.00,16550.00,17000.00,16400.00,25.63M,6.92%
23/06/2022,16950.00,16700.00,17000.00,16000.00,16.57M,-0.29%
24/06/2022,17200.00,16850.00,17850.00,16650.00,26.59M,1.47%
27/06/2022,18400.00,17500.00,18400.00,17200.00,25.20M,6.98%
28/06/2022,18300.00,18400.00,18900.00,18100.00,23.86M,-0.54%
29/06/2022,18550.00,18050.00,19200.00,17950.00,30.99M,1.37%
30/06/2022,17400.00,18600.00,19100.00,17400.00,32.01M,-6.20%
1/7/2022,18600.00,17600.00,18600.00,16700.00,35.63M,6.90%
4/7/2022,19200.00,19050.00,19700.00,18850.00,27.09M,3.23%
5/7/2022,18600.00,19150.00,19350.00,18600.00,24.65M,-3.13%
6/7/2022,17600.00,18000.00,18650.00,17600.00,29.43M,-5.38%
7/7/2022,17700.00,17550.00,18000.00,17150.00,21.11M,0.57%
8/7/2022,18350.00,18050.00,18600.00,18000.00,23.58M,3.67%
11/7/2022,17850.00,18250.00,18900.00,17500.00,19.43M,-2.72%
12/7/2022,18300.00,17850.00,18500.00,17700.00,20.23M,2.52%
13/07/2022,18500.00,18400.00,18850.00,18200.00,23.00M,1.09%
14/07/2022,19300.00,18200.00,19500.00,18100.00,30.89M,4.32%
15/07/2022,18900.00,19450.00,19650.00,18900.00,22.70M,-2.07%
18/07/2022,19000.00,19150.00,19350.00,18900.00,19.72M,0.53%
19/07/2022,18750.00,18800.00,19100.00,18400.00,22.45M,-1.32%
20/07/2022,19200.00,19150.00,19650.00,19000.00,23.70M,2.40%
21/07/2022,19150.00,19200.00,19550.00,19100.00,16.01M,-0.26%
22/07/2022,18950.00,19250.00,19400.00,18950.00,15.43M,-1.04%
25/07/2022,18750.00,18700.00,19200.00,18400.00,14.92M,-1.06%
26/07/2022,18200.00,18900.00,18950.00,18200.00,14.05M,-2.93%
27/07/2022,18200.00,18050.00,18300.00,17800.00,18.07M,0.00%
28/07/2022,18850.00,18700.00,19150.00,18400.00,17.15M,3.57%
29/07/2022,19100.00,19000.00,19400.00,18800.00,26.44M,1.33%
1/8/2022,20400.00,19250.00,20400.00,19200.00,42.53M,6.81%
2/8/2022,20750.00,20500.00,21300.00,20450.00,31.41M,1.72%
3/8/2022,21150.00,20500.00,21200.00,20450.00,26.53M,1.93%
4/8/2022,21200.00,21400.00,21600.00,20850.00,29.97M,0.24%
5/8/2022,22000.00,21000.00,22350.00,20900.00,28.98M,3.77%
8/8/2022,22150.00,22100.00,22300.00,21850.00,23.48M,0.68%
9/8/2022,22550.00,22100.00,22700.00,21800.00,21.85M,1.81%
10/8/2022,22200.00,22250.00,22700.00,22150.00,21.20M,-1.55%
11/8/2022,21950.00,22500.00,22900.00,21650.00,37.95M,-1.13%
12/8/2022,22500.00,21850.00,22600.00,21700.00,21.20M,2.51%
15/08/2022,22450.00,22800.00,22850.00,22300.00,14.74M,-0.22%
16/08/2022,22450.00,22400.00,22700.00,22150.00,18.92M,0.00%
17/08/2022,22250.00,22600.00,22750.00,22100.00,20.99M,-0.89%
18/08/2022,22500.00,22100.00,22950.00,22100.00,22.19M,1.12%
19/08/2022,22650.00,22450.00,22900.00,22300.00,15.08M,0.67%
22/08/2022,22200.00,22600.00,22950.00,22100.00,19.93M,-1.99%
23/08/2022,22750.00,22000.00,22750.00,21700.00,25.37M,2.48%
24/08/2022,22600.00,22850.00,22900.00,22500.00,12.78M,-0.66%
25/08/2022,22950.00,22700.00,23300.00,22700.00,20.64M,1.55%
26/08/2022,22400.00,22950.00,23000.00,22250.00,20.43M,-2.40%
29/08/2022,22200.00,21850.00,22200.00,20900.00,37.94M,-0.89%
30/08/2022,21700.00,22450.00,22550.00,21700.00,13.19M,-2.25%
31/08/2022,21700.00,21500.00,21900.00,21350.00,11.98M,0.00%
5/9/2022,21400.00,21600.00,21850.00,21400.00,12.90M,-1.38%
6/9/2022,21400.00,21650.00,21750.00,21350.00,10.99M,0.00%
7/9/2022,20000.00,21400.00,21600.00,20000.00,28.14M,-6.54%
8/9/2022,20000.00,20400.00,20500.00,19850.00,14.69M,0.00%
9/9/2022,20400.00,20350.00,20400.00,19350.00,17.79M,2.00%
12/9/2022,20100.00,20800.00,20850.00,20050.00,10.41M,-1.47%
13/09/2022,19850.00,20150.00,20250.00,19550.00,14.81M,-1.24%
14/09/2022,20000.00,19100.00,20100.00,19100.00,22.13M,0.76%
15/09/2022,19800.00,20200.00,20250.00,19750.00,7.68M,-1.00%
16/09/2022,19000.00,19700.00,19800.00,19000.00,23.56M,-4.04%
19/09/2022,17850.00,19100.00,19100.00,17850.00,20.71M,-6.05%
20/09/2022,18800.00,18000.00,18800.00,17850.00,16.31M,5.32%
21/09/2022,18500.00,18500.00,18900.00,18300.00,10.54M,-1.60%
22/09/2022,19000.00,18250.00,19100.00,18200.00,17.72M,2.70%
23/09/2022,18550.00,18950.00,19200.00,18500.00,15.98M,-2.37%
26/09/2022,17450.00,18050.00,18300.00,17300.00,28.90M,-5.93%
27/09/2022,17500.00,17600.00,17750.00,17350.00,13.33M,0.29%
28/09/2022,17800.00,17500.00,18200.00,17400.00,19.72M,1.71%
29/09/2022,17400.00,18300.00,18300.00,17400.00,12.16M,-2.25%
30/09/2022,17500.00,17400.00,17700.00,16400.00,21.99M,0.57%
3/10/2022,16300.00,17200.00,17350.00,16300.00,15.97M,-6.86%
4/10/2022,15400.00,16700.00,16800.00,15400.00,20.09M,-5.52%
5/10/2022,16400.00,15800.00,16450.00,15800.00,12.88M,6.49%
6/10/2022,15300.00,16350.00,16400.00,15300.00,14.38M,-6.71%
7/10/2022,14250.00,14600.00,15100.00,14250.00,30.61M,-6.86%
10/10/2022,14650.00,13900.00,14850.00,13450.00,19.68M,2.81%
11/10/2022,13650.00,14500.00,14600.00,13650.00,15.41M,-6.83%
12/10/2022,13950.00,13550.00,14500.00,13300.00,25.61M,2.20%
13/10/2022,13900.00,13850.00,14300.00,13800.00,10.52M,-0.36%
14/10/2022,14500.00,14400.00,14850.00,14200.00,26.02M,4.32%
17/10/2022,14500.00,14300.00,14500.00,13800.00,15.97M,0.00%
18/10/2022,14600.00,14850.00,15150.00,14600.00,20.88M,0.69%
19/10/2022,14550.00,14600.00,14900.00,14400.00,12.99M,-0.34%
20/10/2022,14150.00,14500.00,14600.00,14050.00,11.01M,-2.75%
21/10/2022,13200.00,14050.00,14200.00,13200.00,25.28M,-6.71%
24/10/2022,12300.00,12850.00,13000.00,12300.00,11.77M,-6.82%
25/10/2022,11450.00,11450.00,12700.00,11450.00,65.49M,-6.91%
26/10/2022,10650.00,11600.00,12000.00,10650.00,28.09M,-6.99%
27/10/2022,11350.00,10500.00,11350.00,10500.00,37.11M,6.57%
28/10/2022,11700.00,11700.00,12100.00,11550.00,24.82M,3.08%
31/10/2022,11500.00,11900.00,11900.00,10900.00,25.08M,-1.71%
1/11/2022,11800.00,11700.00,11850.00,11250.00,18.76M,2.61%
2/11/2022,12100.00,11800.00,12350.00,11550.00,22.06M,2.54%
3/11/2022,11950.00,11700.00,12100.00,11650.00,17.83M,-1.24%
4/11/2022,11200.00,11750.00,11800.00,11150.00,22.89M,-6.28%
7/11/2022,10450.00,11200.00,11300.00,10450.00,27.99M,-6.70%
8/11/2022,10650.00,9790.00,10650.00,9790.00,16.70M,1.91%
9/11/2022,10450.00,10750.00,11000.00,10400.00,8.49M,-1.88%
10/11/2022,9720.00,10150.00,10300.00,9720.00,17.43M,-6.99%
11/11/2022,9800.00,10000.00,10200.00,9670.00,20.04M,0.82%
14/11/2022,10350.00,9120.00,10350.00,9120.00,24.43M,5.61%
15/11/2022,9900.00,10050.00,10400.00,9630.00,20.78M,-4.35%
16/11/2022,10550.00,9320.00,10550.00,9230.00,22.96M,6.57%
17/11/2022,11100.00,10800.00,11250.00,10700.00,18.66M,5.21%
18/11/2022,11100.00,11000.00,11500.00,10350.00,30.24M,0.00%
21/11/2022,11300.00,11100.00,11500.00,10950.00,17.45M,1.80%
22/11/2022,11300.00,11050.00,12000.00,10950.00,35.66M,0.00%
23/11/2022,10600.00,11200.00,11450.00,10600.00,13.54M,-6.19%
24/11/2022,10550.00,10400.00,10800.00,10100.00,14.88M,-0.47%
25/11/2022,11250.00,10850.00,11250.00,10700.00,23.10M,6.64%
28/11/2022,12000.00,11700.00,12000.00,11600.00,34.14M,6.67%
29/11/2022,12800.00,12400.00,12800.00,12050.00,47.92M,6.67%
30/11/2022,13600.00,13000.00,13600.00,12550.00,36.16M,6.25%
1/12/2022,13000.00,14050.00,14200.00,12900.00,46.76M,-4.41%
2/12/2022,13900.00,13000.00,13900.00,12800.00,35.88M,6.92%
5/12/2022,14850.00,14800.00,14850.00,14400.00,43.41M,6.83%
6/12/2022,14300.00,14700.00,15450.00,14050.00,63.59M,-3.70%
7/12/2022,14300.00,14500.00,14800.00,13850.00,38.89M,0.00%
8/12/2022,15300.00,14800.00,15300.00,14700.00,33.88M,6.99%
9/12/2022,15500.00,15650.00,15800.00,15250.00,33.84M,1.31%
12/12/2022,14450.00,15500.00,15850.00,14450.00,54.11M,-6.77%
13/12/2022,15450.00,14400.00,15450.00,13900.00,45.06M,6.92%
14/12/2022,15600.00,16000.00,16350.00,15400.00,40.96M,0.97%
15/12/2022,15900.00,15400.00,15950.00,15200.00,29.04M,1.92%
16/12/2022,16050.00,15600.00,16350.00,15500.00,34.03M,0.94%
19/12/2022,15500.00,16100.00,16900.00,15300.00,46.18M,-3.43%
20/12/2022,15200.00,15450.00,15700.00,14600.00,40.21M,-1.94%
21/12/2022,14650.00,15500.00,15550.00,14150.00,37.81M,-3.62%
22/12/2022,14550.00,14900.00,15000.00,14100.00,26.05M,-0.68%
23/12/2022,14000.00,14500.00,14500.00,13900.00,20.23M,-3.78%
26/12/2022,13050.00,13850.00,14000.00,13050.00,28.50M,-6.79%
27/12/2022,13950.00,13000.00,13950.00,13000.00,22.80M,6.90%
28/12/2022,14100.00,14100.00,14350.00,13700.00,15.80M,1.08%
29/12/2022,13500.00,13950.00,14150.00,13500.00,13.18M,-4.26%
30/12/2022,13500.00,13650.00,13850.00,13500.00,12.60M,0.00%
3/1/2023,14400.00,13550.00,14400.00,13550.00,20.59M,6.67%
4/1/2023,14350.00,14700.00,14950.00,14350.00,19.52M,-0.35%
5/1/2023,14600.00,14500.00,14750.00,14100.00,16.80M,1.74%
6/1/2023,14300.00,14400.00,14900.00,14300.00,20.99M,-2.05%
9/1/2023,14400.00,14550.00,14650.00,14300.00,13.30M,0.70%
10/1/2023,14400.00,14400.00,14700.00,14050.00,15.19M,0.00%
11/1/2023,14750.00,14600.00,15200.00,14500.00,23.69M,2.43%
12/1/2023,14700.00,14900.00,14950.00,14600.00,10.35M,-0.34%
13/01/2023,14900.00,14900.00,15300.00,14700.00,23.73M,1.36%
16/01/2023,15000.00,15000.00,15100.00,14600.00,13.38M,0.67%
17/01/2023,15900.00,15150.00,15950.00,15100.00,26.78M,6.00%
18/01/2023,16150.00,15900.00,16400.00,15800.00,26.51M,1.57%
19/01/2023,16750.00,16000.00,16850.00,15950.00,30.13M,3.72%
27/01/2023,16300.00,16750.00,16800.00,16300.00,35.13M,-2.69%
30/01/2023,16250.00,16300.00,16800.00,16050.00,25.73M,-0.31%
31/01/2023,16550.00,16300.00,16550.00,16050.00,23.21M,1.85%
1/2/2023,15400.00,16700.00,16750.00,15400.00,47.92M,-6.95%
2/2/2023,15100.00,15550.00,15600.00,14850.00,26.60M,-1.95%
3/2/2023,15100.00,15150.00,15400.00,14850.00,14.08M,0.00%
6/2/2023,15150.00,14900.00,15150.00,14750.00,15.46M,0.33%
7/2/2023,14350.00,15300.00,15400.00,14300.00,23.58M,-5.28%
8/2/2023,14600.00,14600.00,14950.00,14100.00,15.73M,1.74%
9/2/2023,14400.00,14600.00,14800.00,14350.00,8.09M,-1.37%
10/2/2023,14000.00,14350.00,14400.00,14000.00,13.50M,-2.78%
13/02/2023,13450.00,13800.00,13950.00,13100.00,20.12M,-3.93%
14/02/2023,13900.00,13700.00,13900.00,13500.00,9.97M,3.35%
15/02/2023,14000.00,13800.00,14250.00,13750.00,17.45M,0.72%
16/02/2023,14600.00,14200.00,14600.00,14050.00,13.91M,4.29%
17/02/2023,14450.00,14550.00,14700.00,14300.00,10.55M,-1.03%
20/02/2023,15450.00,14500.00,15450.00,14450.00,25.16M,6.92%
21/02/2023,15150.00,15650.00,15700.00,15150.00,18.10M,-1.94%
22/02/2023,14300.00,14850.00,15100.00,14300.00,28.40M,-5.61%
23/02/2023,14500.00,14300.00,14500.00,13600.00,29.22M,1.40%
24/02/2023,14000.00,14500.00,14600.00,13950.00,9.35M,-3.45%
27/02/2023,13400.00,13700.00,13800.00,13350.00,18.54M,-4.29%
28/02/2023,13450.00,13650.00,13850.00,13400.00,10.30M,0.37%
1/3/2023,14250.00,13400.00,14250.00,13200.00,15.41M,5.95%
2/3/2023,13900.00,14300.00,14350.00,13850.00,9.49M,-2.46%
3/3/2023,13600.00,14050.00,14150.00,13600.00,12.12M,-2.16%
6/3/2023,13850.00,14000.00,14250.00,13750.00,13.72M,1.84%
7/3/2023,14200.00,14000.00,14350.00,13900.00,13.90M,2.53%
8/3/2023,14700.00,14000.00,14700.00,13900.00,20.44M,3.52%
9/3/2023,14700.00,14750.00,14950.00,14600.00,17.33M,0.00%
10/3/2023,14500.00,14550.00,14800.00,14300.00,19.71M,-1.36%
13/03/2023,14500.00,14300.00,14800.00,14300.00,18.67M,0.00%
14/03/2023,14000.00,14550.00,14600.00,13950.00,14.94M,-3.45%
15/03/2023,14950.00,14600.00,14950.00,14400.00,29.51M,6.79%
16/03/2023,14800.00,14900.00,15100.00,14750.00,25.32M,-1.00%
17/03/2023,15000.00,15150.00,15150.00,14700.00,20.47M,1.35%
20/03/2023,14350.00,14850.00,15000.00,14350.00,20.87M,-4.33%
21/03/2023,14800.00,14600.00,14800.00,14250.00,17.54M,3.14%
22/03/2023,14800.00,14900.00,15100.00,14750.00,16.26M,0.00%
23/03/2023,15150.00,14650.00,15250.00,14600.00,22.03M,2.36%
24/03/2023,15300.00,15300.00,15550.00,15200.00,27.50M,0.99%
27/03/2023,15450.00,15350.00,15800.00,15200.00,20.67M,0.98%
28/03/2023,15250.00,15600.00,15650.00,15250.00,18.53M,-1.29%
29/03/2023,15400.00,15250.00,15500.00,15150.00,15.98M,0.98%
30/03/2023,15250.00,15700.00,15750.00,15200.00,23.38M,-0.97%
31/03/2023,15500.00,15250.00,15600.00,15100.00,29.05M,1.64%
3/4/2023,15900.00,15950.00,16000.00,15700.00,34.68M,2.58%
4/4/2023,16200.00,15900.00,16400.00,15700.00,40.43M,1.89%
5/4/2023,16200.00,16100.00,16300.00,15950.00,18.89M,0.00%
6/4/2023,15650.00,16300.00,16500.00,15650.00,35.82M,-3.40%
7/4/2023,15800.00,15650.00,15900.00,15550.00,26.88M,0.96%
10/4/2023,15900.00,16100.00,16450.00,15800.00,35.57M,0.63%
11/4/2023,15900.00,15900.00,16000.00,15550.00,26.66M,0.00%
12/4/2023,15600.00,15900.00,16000.00,15600.00,19.42M,-1.89%
13/04/2023,15200.00,15650.00,15750.00,15100.00,30.57M,-2.56%
14/04/2023,14850.00,15300.00,15400.00,14850.00,28.53M,-2.30%
17/04/2023,14900.00,14850.00,15050.00,14700.00,10.50M,0.34%
18/04/2023,15200.00,15000.00,15300.00,14900.00,16.18M,2.01%
19/04/2023,14900.00,15300.00,15350.00,14850.00,13.74M,-1.97%
20/04/2023,14850.00,14900.00,14950.00,14800.00,7.25M,-0.34%
21/04/2023,15050.00,14850.00,15350.00,14800.00,18.47M,1.35%
24/04/2023,14950.00,15050.00,15150.00,14750.00,8.93M,-0.66%
25/04/2023,14600.00,14950.00,15100.00,14550.00,13.47M,-2.34%
26/04/2023,14650.00,14600.00,14750.00,14350.00,12.60M,0.34%
27/04/2023,14550.00,14750.00,14850.00,14500.00,10.86M,-0.68%
28/04/2023,14900.00,14700.00,14900.00,14600.00,13.11M,2.41%
4/5/2023,15000.00,14750.00,15150.00,14750.00,12.57M,0.67%
5/5/2023,14750.00,14900.00,15050.00,14750.00,8.59M,-1.67%
8/5/2023,15150.00,14850.00,15150.00,14850.00,15.77M,2.71%
9/5/2023,15050.00,15150.00,15200.00,15000.00,8.65M,-0.66%
10/5/2023,15300.00,15150.00,15400.00,15150.00,18.79M,1.66%
11/5/2023,15550.00,15400.00,15800.00,15350.00,23.96M,1.63%
12/5/2023,15850.00,15550.00,15850.00,15400.00,22.65M,1.93%
15/05/2023,15500.00,16000.00,16100.00,15500.00,20.91M,-2.21%
16/05/2023,15600.00,15500.00,15800.00,15450.00,14.62M,0.65%
17/05/2023,15250.00,15550.00,15700.00,15250.00,15.60M,-2.24%
18/05/2023,15500.00,15350.00,15800.00,15250.00,19.19M,1.64%
19/05/2023,16100.00,15600.00,16250.00,15500.00,72.10M,3.87%
22/05/2023,16200.00,16250.00,16500.00,16100.00,24.46M,0.62%
23/05/2023,16450.00,16300.00,16700.00,16200.00,46.12M,1.54%
24/05/2023,16100.00,16700.00,16700.00,16100.00,38.54M,-2.13%
25/05/2023,15850.00,16000.00,16150.00,15800.00,26.76M,-1.55%
26/05/2023,15950.00,15950.00,16200.00,15850.00,17.48M,0.63%
29/05/2023,17050.00,16200.00,17050.00,16150.00,44.83M,6.90%
30/05/2023,17400.00,17250.00,17450.00,17050.00,40.64M,2.05%
31/05/2023,17500.00,17400.00,17850.00,17250.00,38.03M,0.57%
1/6/2023,18200.00,17500.00,18300.00,17300.00,36.68M,4.00%
2/6/2023,18300.00,18350.00,18650.00,18100.00,29.90M,0.55%
5/6/2023,18050.00,18600.00,18600.00,17950.00,38.17M,-1.37%
6/6/2023,19300.00,18050.00,19300.00,17950.00,52.22M,6.93%
7/6/2023,19250.00,19450.00,19450.00,19000.00,28.30M,-0.26%
8/6/2023,18100.00,19200.00,19500.00,18100.00,66.28M,-5.97%
9/6/2023,18950.00,18300.00,19000.00,18100.00,43.03M,4.70%
12/6/2023,18850.00,19000.00,19050.00,18350.00,24.09M,-0.53%
13/06/2023,18650.00,18950.00,19050.00,18600.00,25.97M,-1.06%
14/06/2023,18700.00,18800.00,19150.00,18650.00,38.79M,0.27%
